"intGlCode","varTitle","fk_PublicCategory","StartDate","varAuthor","varPdfFile","varFileUrl","chrFileFlag","intNoOfDownload","varShortDescription","intDisplayOrder","chrDelete","chrPublish","dtCreateDate","dtModifyDate","PUserGlCode","varIpAddress"
"1","Reply comments","1","2007-12-21","Digicel","2007_12_21_Digicel_reply_comments_1417441685.pdf",NULL,"U","0",,"422","N","Y","2014-12-01 07:18:05","2014-12-01 07:18:05","1","192.168.1.139"
"2","Reply comments","1","2007-12-21","C&W","2007_12_21_CW_reply_comments_1417441732.pdf",NULL,"U","0",,"433","N","Y","2014-12-01 07:18:52","2014-12-01 07:18:52","1","192.168.1.139"
"3","Final comments","1","2007-12-07","Digicel","2007_12_07_Digicel_Final_Comments_1417441775.pdf",NULL,"U","0",,"432","N","Y","2014-12-01 07:19:35","2014-12-01 07:19:35","1","192.168.1.139"
"4","Comments on approval of extension request","1","2007-12-05","C&W","2007_12_05_CW_commentsonICTAapprovalofDigicelsextensionrequest_1417441807.pdf",NULL,"U","0",,"431","N","Y","2014-12-01 07:20:07","2014-12-01 07:20:07","1","192.168.1.139"
"5","Response to extension request","1","2007-12-04","C&W","2007_12_04_CWResponsetoDigicels03Dec07extensionrequestinCD2005-1_1417441848.pdf",NULL,"U","0",,"430","N","Y","2014-12-01 07:20:48","2014-12-01 07:20:48","1","192.168.1.139"
"6","Approval of extension request","1","2007-12-04","ICTA","2007_12_04_ICTA_approves_Digicel_extension_1417441881.pdf",NULL,"U","0",,"429","N","Y","2014-12-01 07:21:21","2014-12-01 07:21:21","1","192.168.1.139"
"7","Extension request","1","2007-12-03","Digicel","2007_12_03_Digicel_Extensionrequest_1417441911.pdf",NULL,"U","0",,"428","N","Y","2014-12-01 07:21:51","2014-12-01 07:21:51","1","192.168.1.139"
"8","Final comments","1","2007-11-30","C&W","2007_11_30_CWCommentsonFLLRICCostingManualCD2005-1_1417441943.pdf",NULL,"U","0",,"427","N","Y","2014-12-01 07:22:23","2014-12-01 08:37:38","1","192.168.1.139"
"9","Revised interrogatory responses","1","2007-11-16","C&W","2007_11_16_CW_3rdRoundInterrogResponses-DisclosureDirective_1417446489.pdf",NULL,"U","0",,"426","N","Y","2014-12-01 08:38:09","2014-12-01 08:38:09","1","192.168.1.139"
"10","Disclosure request determination","1","2007-11-08","ICTA","2007_11_08_ICTA_re_Digicel_disclosure_request_1417446522.pdf",NULL,"U","0",,"425","N","Y","2014-12-01 08:38:42","2014-12-01 08:38:42","1","192.168.1.139"
"11","Response to disclosure request","1","2007-10-26","C&W","2007_10_26_CW_responsetoDigicel2ndDislcosureRequest_1417446878.pdf",NULL,"U","0",,"424","N","Y","2014-12-01 08:44:38","2014-12-01 08:44:38","1","192.168.1.139"
"12","Response to ICTA inquiry","1","2007-10-19","C&W","2007_10_19_CW_to_ICTA_re_further_process_1417446915.pdf",NULL,"U","0",,"423","N","Y","2014-12-01 08:45:15","2014-12-01 08:45:15","1","192.168.1.139"
"14","Inquiry regarding further process request","1","2007-10-18","ICTA","2007_10_18_ICTA_to_CW_re_further_process_1417447040.pdf",NULL,"U","0",,"434","N","Y","2014-12-01 08:47:20","2014-12-01 08:47:20","1","192.168.1.139"
"15","Further process request","1","2007-10-17","C&W","2007_10_17_CW_Letter-CostingManualCD2005-1-FurtherProcess_1417447117.pdf",NULL,"U","0",,"404","N","Y","2014-12-01 08:48:37","2014-12-01 08:48:37","1","192.168.1.139"
"16","Disclosure request","1","2007-09-28","Digicel","2007_09_28_Digicel_Disclosure_1417447152.pdf",NULL,"U","0",,"403","N","Y","2014-12-01 08:49:12","2014-12-01 08:49:12","1","192.168.1.139"
"17","Disclosure request determination","1","2007-08-16","ICTA","2007_08_16_ICTA_re_Digicel_disclosure_request_1417447184.pdf",NULL,"U","0",,"398","N","Y","2014-12-01 08:49:44","2014-12-01 08:49:44","1","192.168.1.139"
"18","Responses to interrogatories attachments","1","2007-08-07","C&W","2007_08_07_CW_Appendix1_RevisedServiceCostings_redacted_1417447249.zip",NULL,"U","0",,"402","N","Y","2014-12-01 08:50:49","2014-12-01 08:50:49","1","192.168.1.139"
"19","Responses to interrogatories attachments","1","2007-08-07","C&W","2007_08_07_CW_Appendix_2_ExpenseFactorsandTDCategories_redacted_1417447279.zip",NULL,"U","0",,"401","N","Y","2014-12-01 08:51:19","2014-12-01 08:51:19","1","192.168.1.139"
"20","Revised models","1","2007-08-07","C&W","2007_08_07_CW_FLLRICmodelspublic_gen_1417447305.zip",NULL,"U","0",,"400","N","Y","2014-12-01 08:51:45","2014-12-01 08:51:45","1","192.168.1.139"
"21","Responses to interrogatories letter","1","2007-08-07","C&W","2007_08_07_CW_LetterCostingManualCD2005-1-3rdRoundInterrogResponses_1417447410.pdf",NULL,"U","0",,"399","N","Y","2014-12-01 08:53:08","2014-12-01 08:53:30","1","192.168.1.139"
"22","Responses to interrogatories","1","2007-08-07","C&W","2007_08_07_CW_Round_3_Telcordia_Interrogs_Redacted_1417447444.pdf",NULL,"U","0",,"392","N","Y","2014-12-01 08:54:04","2014-12-01 08:54:04","1","192.168.1.139"
"23","Response to disclosure request","1","2007-08-06","C&W","2007_08_06_CW_Letter-DigicelDisclosureRequest-Response_1417447798.pdf",NULL,"U","0",,"397","N","Y","2014-12-01 08:59:58","2014-12-01 08:59:58","1","192.168.1.139"
"24","Approval of extension request","1","2007-07-31","ICTA","2007_07_31_ICTA_approves_CW_extension_1417447855.pdf",NULL,"U","0",,"396","N","Y","2014-12-01 09:00:55","2014-12-01 09:00:55","1","192.168.1.139"
"25","Extension request","1","2007-07-30","C&W","2007_07_30_CW_ExtrensionRequest_1417447883.pdf",NULL,"U","0",,"395","N","Y","2014-12-01 09:01:23","2014-12-01 09:01:23","1","192.168.1.139"
"26","Disclosure request","1","2007-07-25","Digicel","2007_07_25_Digicel_Disclosure_Request_1417447925.pdf",NULL,"U","0",,"394","N","Y","2014-12-01 09:02:05","2014-12-01 09:02:05","1","192.168.1.139"
"27","Further procedures letter","1","2007-07-10","ICTA","2007_07_10_ICTA_to_parties_1417447974.pdf",NULL,"U","0",,"393","N","Y","2014-12-01 09:02:54","2014-12-01 09:02:54","1","192.168.1.139"
"28","Responses to interrogatories attachments","1","2007-06-22","C&W","2007_06_22_CW_Appendices_Part5_FLLRIC_Round2_redacted_1417448023.zip",NULL,"U","0",,"406","N","Y","2014-12-01 09:03:43","2014-12-01 09:03:43","1","192.168.1.139"
"29","Responses to interrogatories","1","2007-06-22","C&W","2007_06_22_CW_Cayman_FLLRICPart5_Round_2_Telcordia_interrogs_redacted_1417448067.pdf",NULL,"U","0",,"407","N","Y","2014-12-01 09:04:27","2014-12-01 09:04:27","1","192.168.1.139"
"30","Responses to interrogatories letter","1","2007-06-22","C&W","2007_06_22_CW_Letter-CostingManualCD2005-1-2ndRoundInterrogsResponsesPart5_red_1417448114.pdf",NULL,"U","0",,"420","N","Y","2014-12-01 09:05:14","2014-12-01 09:05:14","1","192.168.1.139"
"31","Approval of extension request","1","2007-06-12","ICTA","2007_06_12_ICTA_approves_CW_extension_1417448168.pdf",NULL,"U","0",,"419","N","Y","2014-12-01 09:06:08","2014-12-01 09:06:08","1","192.168.1.139"
"32","Responses to interrogatories attachments","1","2007-06-08","C&W","2007_06_08_CW_AppendixIX_Telecom_SP500_Part4_FLLRIC_Round2_Interrogs_1417448277.xls",NULL,"U","0",,"418","N","Y","2014-12-01 09:07:57","2014-12-01 09:07:57","1","192.168.1.139"
"33","Responses to interrogatories","1","2007-06-08","C&W","2007_06_08_CW_Cayman_Part4_Round_2_Telecordia_interrogs_redacted_1417448315.pdf",NULL,"U","0",,"417","N","Y","2014-12-01 09:08:35","2014-12-01 09:08:35","1","192.168.1.139"
"34","Responses to interrogatories letter","1","2007-06-08","C&W","2007_06_08_CW_Letter-CostingManualCD2005-1-2ndRoundInterrogsResponsesPart4_1417448356.pdf",NULL,"U","0",,"416","N","Y","2014-12-01 09:09:16","2014-12-01 09:09:16","1","192.168.1.139"
"35","Responses to interrogatories letter","1","2007-06-01","C&W","2007_06_01_CWCostingManualCD2005-1-2ndRoundInterrogsResponsesPart3_1417448391.pdf",NULL,"U","0",,"415","N","Y","2014-12-01 09:09:51","2014-12-01 09:09:51","1","192.168.1.139"
"36","Responses to interrogatories attachments","1","2007-06-01","C&W","2007_06_01_CW_AppendixVIIIPart3_FLLRIC_Round2_Interrogs_Redacted_1417448433.zip",NULL,"U","0",,"414","N","Y","2014-12-01 09:10:33","2014-12-01 09:10:33","1","192.168.1.139"
"37","Responses to interrogatories","1","2007-06-01","C&W","2007_06_01_CW_Part3_Round_2_Telcordia_interrogs_redacted_1417448465.pdf",NULL,"U","0",,"413","N","Y","2014-12-01 09:11:05","2014-12-01 09:11:05","1","192.168.1.139"
"38","Responses to interrogatories attachments","1","2007-05-25","C&W","2007_05_25_CW_AppendicesPart2VIandVII_FLLRIC_Round2_Interrogs_redacted_1417448772.zip",NULL,"U","0",,"412","N","Y","2014-12-01 09:16:12","2014-12-01 09:16:12","1","192.168.1.139"
"39","Responses to interrogatories letter","1","2007-05-25","C&W","2007_05_25_CW_CostingManualCD2005-1-2ndRoundInterrogsResponsesPart2_1417448800.pdf",NULL,"U","0",,"411","N","Y","2014-12-01 09:16:40","2014-12-01 09:16:40","1","192.168.1.139"
"40","Responses to interrogatories","1","2007-05-25","C&W","2007_05_25_CW_Part2_Round_2_Telecordia_interrogs_redacted_1417448823.pdf",NULL,"U","0",,"409","N","Y","2014-12-01 09:17:03","2014-12-01 09:17:03","1","192.168.1.139"
"41","Preamble to interrogatories","1","2007-05-18","ICTA","2007_05_18_ICTA_interrogatory_preamble_1417448852.pdf",NULL,"U","0",,"408","N","Y","2014-12-01 09:17:32","2014-12-01 09:17:32","1","192.168.1.139"
"42","Responses to interrogatories","1","2007-05-17","C&W","2007_05_17_CWLetter-CostingManualCD2005-1-2ndRoundInterrogsResponses_1417448916.pdf",NULL,"U","0",,"421","N","Y","2014-12-01 09:18:36","2014-12-01 09:18:36","1","192.168.1.139"
"43","Responses to interrogatories attachments","1","2007-05-17","C&W","2007_05_17_CW_Appendices_FLLRIC_Round2_Interrogs_redacted_part1_1417448954.zip",NULL,"U","0",,"410","N","Y","2014-12-01 09:19:14","2014-12-01 09:19:14","1","192.168.1.139"
"44","Responses to interrogatories letter","1","2007-05-17","C&W","2007_05_17_CW_Round_2_Telecordia_interrogs_redacted_1417449009.pdf",NULL,"U","0",,"391","N","Y","2014-12-01 09:20:09","2014-12-01 09:20:09","1","192.168.1.139"
"45","Letter re: Response","1","2007-05-17","Digicel","2007_05_17_Digicel_intent_to_file_response_1417449138.pdf",NULL,"U","0",,"350","N","Y","2014-12-01 09:22:19","2014-12-01 09:22:54","1","192.168.1.139"
"46","Approval of extension request","1","2007-05-17","ICTA","2007_05_17_ICTA_approves_CW_extension_1417449202.pdf",NULL,"U","0",,"361","N","Y","2014-12-01 09:23:22","2014-12-01 09:23:22","1","192.168.1.139"
"47","Extension request","1","2007-05-16","C&W","2007_05_16_CW_Round2InterrogsExtensionRequest_1417449229.pdf",NULL,"U","0",,"362","N","Y","2014-12-01 09:23:49","2014-12-01 09:23:49","1","192.168.1.139"
"48","Revised models","1","2007-05-15","C&W","2007_05_15_CW_Cayman_FLLRIC_07_05_07_generic_1417449355.zip",NULL,"U","0",,"363","N","Y","2014-12-01 09:24:26","2014-12-01 10:02:34","1","192.168.1.139"
"49","Revised models letter","1","2007-05-15","C&W","2007_05_15_CW_Letter-2ndRoundInterrogsResponse_RedactedRevisedModel_1417449346.pdf",NULL,"U","0",,"364","N","Y","2014-12-01 09:25:22","2014-12-01 10:02:53","1","192.168.1.139"
"50","Revised responses to interrogatories","1","2007-05-03","C&W","2007_05_03_CW_Letter-REVISEDinterrogresponses_1417449444.pdf",NULL,"U","0",,"365","N","Y","2014-12-01 09:26:28","2014-12-01 10:03:28","1","192.168.1.139"
"51","Revised interrogatory response attachments","1","2007-05-03","C&W","2007_05_03_CW_REVISEDattachments_1417449425.pdf",NULL,"U","0",,"366","N","Y","2014-12-01 09:27:05","2014-12-01 10:03:49","1","192.168.1.139"
"52","Disclosure request determination","1","2007-04-26","ICTA","2007_04_26_ICTA_determination_re_Digicel_disclosure_request_1417449482.pdf",NULL,"U","0",,"367","N","Y","2014-12-01 09:28:02","2014-12-01 10:04:06","1","192.168.1.139"
"53","Response to interrogatories","1","2007-04-25","C&W","2007_04_25_CWLetter-2ndRoundInterrogsResponse_1417449510.pdf",NULL,"U","0",,"368","N","Y","2014-12-01 09:28:30","2014-12-01 10:04:34","1","192.168.1.139"
"54","Approval of extension request","1","2007-04-24","ICTA","2007_04_24_ICTA_approves_CW_extension_1417449638.pdf",NULL,"U","0",,"360","N","Y","2014-12-01 09:30:38","2014-12-01 10:04:53","1","192.168.1.139"
"55","Extension request","1","2007-04-23","C&W","2007_04_23_CW_InterrogsExtensionRequest_1417449663.pdf",NULL,"U","0",,"359","N","Y","2014-12-01 09:31:03","2014-12-01 10:05:22","1","192.168.1.139"
"56","Reply to disclosure answer","1","2007-04-20","Digicel","2007_04_20_Digicel_Reply_to_CW_Disclosure_Answer_1417449690.pdf",NULL,"U","0",,"358","N","Y","2014-12-01 09:31:30","2014-12-01 10:05:43","1","192.168.1.139"
"57","Interrogatories to C&W","1","2007-04-16","ICTA","2007_04_16_ICTA_to_CW_1417449714.pdf",NULL,"U","0",,"351","N","Y","2014-12-01 09:31:54","2014-12-01 09:31:54","1","192.168.1.139"
"58","Response to disclosure request","1","2007-04-10","C&W","2007_04_10_CW_ResponsetoDigicelonLRICConfidentiality_1417449740.pdf",NULL,"U","0",,"352","N","Y","2014-12-01 09:32:20","2014-12-01 09:32:20","1","192.168.1.139"
"59","Disclosure request","1","2007-04-27","Digicel","2007_03_27_Digicel_disclosure_request_1417449778.pdf",NULL,"U","0",,"353","N","Y","2014-12-01 09:32:58","2014-12-01 10:14:18","1","192.168.1.139"
"61","Revised response to interrogatory correspondence","1","2007-03-02","C&W","2007_03_02_CW_Correspondence_1417449990.pdf",NULL,"U","0",,"354","N","Y","2014-12-01 09:36:30","2014-12-01 09:36:30","1","192.168.1.139"
"62","Response to interrogatories attachments","1","2007-02-26","C&W","2007_02_26_CW_LRICResponsesv2final_1417450021.zip",NULL,"U","0",,"355","N","Y","2014-12-01 09:37:01","2014-12-01 09:37:01","1","192.168.1.139"
"63","Letter","1","2006-07-07","C&W","2006_07_07_CWLetter-CWLRICComments_1417450351.pdf",NULL,"U","0",,"356","N","Y","2014-12-01 09:42:31","2014-12-01 09:42:31","1","192.168.1.139"
"64","Comments on Model","1","2006-06-07","C&W","2006_07_07_CW_LRICCommentsonmodel_redacted__1417450379.pdf",NULL,"U","0",,"357","N","Y","2014-12-01 09:42:59","2014-12-01 09:42:59","1","192.168.1.139"
"65","Appendices A and B to above","1","2006-07-07","C&W","2006_07_07_CW_LRICCommentsAppendixAandBredacted_1417450414.pdf",NULL,"U","0",,"369","N","Y","2014-12-01 09:43:34","2014-12-16 01:28:22","1","27.54.170.98"
"66","Appendix C to above","1","2006-07-07","C&W","2006_07_07_CW_LRICCommentsAppendixCredacted_1417450452.pdf",NULL,"U","0",,"370","N","Y","2014-12-01 09:44:12","2014-12-01 09:44:12","1","192.168.1.139"
"67","Appendix D to above","1","2006-07-07","C&W","2006_07_07_CW_LRICCommentsAppendixDredacted_1417450483.pdf",NULL,"U","0",,"382","N","Y","2014-12-01 09:44:43","2014-12-01 09:44:43","1","192.168.1.139"
"68","Digicel response to C&W interrogatories","1","2006-06-02","Digicel","2006_06_02_Digicel_responsetoCWinterrogs_Redacted_1417450518.pdf",NULL,"U","0",,"383","N","Y","2014-12-01 09:45:18","2014-12-01 09:45:18","1","192.168.1.139"
"69","Cover letter to Digicel","1","2006-05-05","C&W","2006_05_05_CWLetter-CWLRICInterrogatories_1417450565.pdf",NULL,"U","0",,"384","N","Y","2014-12-01 09:46:05","2014-12-01 09:46:05","1","192.168.1.139"
"70","Interrogatories to Digicel","1","2006-05-05","C&W","2006_05_05_CWLRICInterrogatoriesforDigicelCayman_1417450595.pdf",NULL,"U","0",,"385","N","Y","2014-12-01 09:46:35","2014-12-01 09:46:35","1","192.168.1.139"
"71","Proposed Modifications to C&W Methodology","1","2006-04-21","Digicel","2006_04_21_Digicel_OVUMsubmission_1417450631.pdf",NULL,"U","0",,"386","N","Y","2014-12-01 09:47:11","2014-12-01 09:47:11","1","192.168.1.139"
"72","Covering letter","1","2006-03-10","C&W","2006_03_10_CW_ICTALetter-RevisedLRICCostingManualandModels_1417450671.pdf",NULL,"U","0",,"387","N","Y","2014-12-01 09:47:51","2014-12-01 09:47:51","1","192.168.1.139"
"73","Background to Revised Draft Manual","1","2006-03-10","C&W","2006_03_10_CW_BACKGROUND_LRIC_revised_draftmanual_1417450703.pdf",NULL,"U","0",,"388","N","Y","2014-12-01 09:48:23","2014-12-01 09:48:23","1","192.168.1.139"
"75","Draft Manual - Mobile","1","2006-03-10","C&W","2006_03_10_CW_MOBILELRICreviseddraftmanual_1417450781.pdf",NULL,"U","0",,"389","N","Y","2014-12-01 09:49:41","2014-12-01 09:49:41","1","192.168.1.139"
"76","Draft Manual - Fixed","1","2006-03-10","C&W","2006_03_10_CW_FIXEDLRICreviseddraftmanual_1417450930.pdf",NULL,"U","0",,"381","N","Y","2014-12-01 09:52:10","2014-12-01 09:52:29","1","192.168.1.139"
"77","Model - Consolidation (.xls)","1","2006-03-10","C&W","2006_03_10_CWCaymanMobilev2.0Generic10-3-2006_ed1_1417451000.xls",NULL,"U","0",,"380","N","Y","2014-12-01 09:53:20","2014-12-01 09:53:20","1","192.168.1.139"
"78","Model - Fixed (.xls)","1","2006-03-10","C&W","2006_03_10_CWCaymanfixedmodelv2.0Generic10-3-2006_ed_1417451054.xls",NULL,"U","0",,"405","N","Y","2014-12-01 09:54:14","2014-12-01 09:54:14","1","192.168.1.139"
"79","Model - Mobile (.xls)","1","2006-03-10","C&W","2006_03_10_CWCaymanMobilev2.0Generic10-3-2006_ed_1417451098.xls",NULL,"U","0",,"379","N","Y","2014-12-01 09:54:58","2014-12-01 09:54:58","1","192.168.1.139"
"80","Decision re: Process Timing","1","2006-02-08","ICTA","2006_02_08_ICTA_FLLRIC_Process_1417451153.pdf",NULL,"U","0",,"371","N","Y","2014-12-01 09:55:53","2014-12-01 09:55:53","1","192.168.1.139"
"81","Response to Digicel comments","1","2006-01-19","C&W","2006_01_19CWresponsetoDigicel17Janletter_1417451188.pdf",NULL,"U","0",,"372","N","Y","2014-12-01 09:56:28","2014-12-01 09:56:28","1","192.168.1.139"
"82","Comments on Digicel extension request","1","2006-01-17","C&W","2006_01_17_CWresponsetoDigicelprocessrequest_1417451235.pdf",NULL,"U","0",,"373","N","Y","2014-12-01 09:57:15","2014-12-01 09:57:15","1","192.168.1.139"
"83","Reply to C&W comments on extension request","1","2006-01-17","Digicel","2006_01_17_DigicelreplytoCWJan17responseLRICextentionrequest_1417451263.pdf",NULL,"U","0",,"374","N","Y","2014-12-01 09:57:43","2014-12-01 09:57:43","1","192.168.1.139"
"84","Extension request","1","2006-01-16","Digicel","2006_01_16_DigicelLRICextentionrequest_1417451298.pdf",NULL,"U","0",,"375","N","Y","2014-12-01 09:58:18","2014-12-01 09:58:18","1","192.168.1.139"
"85","Covering letter - Initial Model Spreadsheets","1","2006-01-11","C&W","2006_01_11_CW-DraftLRICSpreadsheets_abridged_1417451334.pdf",NULL,"U","0",,"376","N","Y","2014-12-01 09:58:54","2014-12-01 09:58:54","1","192.168.1.139"
"86","Initial Model - Fixed (.xls)","1","2006-01-11","C&W","2006_01_11_CW_CaymanLRICFixedModel06-Jan-07_abridged_1417451377.xls",NULL,"U","0",,"377","N","Y","2014-12-01 09:59:37","2014-12-01 09:59:37","1","192.168.1.139"
"87","Initial Model - Mobile (.xls)","1","2006-01-11","C&W","2006_01_11_CW_CaymanLRICMobileModel06-Jan-07_abridged_1417451407.xls",NULL,"U","0",,"378","N","Y","2014-12-01 10:00:07","2014-12-01 10:00:07","1","192.168.1.139"
"88","Letter to C&W re: Digicel Disclosure Request","1","2006-01-04","ICTA","2006_01_04_ICTA_FLLRIC_Model_1417451435.pdf",NULL,"U","0",,"390","N","Y","2014-12-01 10:00:35","2014-12-01 10:00:35","1","192.168.1.139"
"89","Revised response to interrogatory","1","2007-03-02","C&W","2007_03_02_CW_AppendixX_FixedCaseStudy_revised_1417452345.pdf",NULL,"U","0",,"266","N","Y","2014-12-01 10:15:45","2014-12-01 10:15:45","1","192.168.1.139"
"90","Response to disclosure request","1","2005-12-20","C&W","2005_12_20_CW-responsetoDigicelrequestforCWtofileimmediatelyLRICmodels_1417452542.pdf",NULL,"U","0",,"265","N","Y","2014-12-01 10:19:02","2014-12-01 10:19:02","1","192.168.1.139"
"91","Response to C&W Reply","1","2005-12-20","Digicel","2005_12_20_Digicel-ReponsetoCW_Dec20Ltr_1417452573.pdf",NULL,"U","0",,"264","N","Y","2014-12-01 10:19:33","2014-12-01 10:19:33","1","192.168.1.139"
"92","Disclosure request","1","2005-12-19","Digicel","2005_12_19_Digicel_trtoICTAreLRICcostingmanualsubmittedbyCW_1417452607.pdf",NULL,"U","0",,"263","N","Y","2014-12-01 10:20:07","2014-12-01 10:20:07","1","192.168.1.139"
"93","Cover letter re: Initial Manual & Model","1","2005-12-14","C&W","2005_12_14_CW_Letter-DraftLRICCostingManual_1417452696.pdf",NULL,"U","0",,"262","N","Y","2014-12-01 10:21:36","2014-12-01 10:21:36","1","192.168.1.139"
"94","Background to Initial Draft Manual","1","2005-12-14","C&W","2005_12_14_CW_BACKGROUND_LRIC_draftmanual_f2_1417452743.pdf",NULL,"U","0",,"261","N","Y","2014-12-01 10:22:23","2014-12-01 10:22:23","1","192.168.1.139"
"95","Initial Draft Manual - Fixed","1","2005-12-14","C&W","2005_12_14_CW_FIXEDLRICdraftmanual_f_1417452801.pdf",NULL,"U","0",,"260","N","Y","2014-12-01 10:23:21","2014-12-01 10:23:21","1","192.168.1.139"
"96","Initial Draft Manual - Mobile","1","2005-12-14","C&W","2005_12_14_CW_MOBILELRICdraftmanual_f_1417452828.pdf",NULL,"U","0",,"259","N","Y","2014-12-01 10:23:48","2014-12-01 10:23:48","1","192.168.1.139"
"97","Extension request","1","2005-12-08","C&W","2005_12_08_CW_to_ICTA-FilingExtensionCostingManual_1417452850.pdf",NULL,"U","0",,"258","N","Y","2014-12-01 10:24:10","2014-12-01 10:24:10","1","192.168.1.139"
"98","Consultation Document CD 2005-1","1","2005-10-27","ICTA","2005_10_27_ICTA_CD2005-1CostingManual_1417452890.pdf",NULL,"U","0",,"257","N","Y","2014-12-01 10:24:50","2014-12-01 10:24:50","1","192.168.1.139"
"99","Letter re: Consultation Process","1","2005-09-23","Digicel","2005_09_23_DigicelresponsetoCWFLLRICprocess_1417452927.pdf",NULL,"U","0",,"256","N","Y","2014-12-01 10:25:27","2014-12-01 10:25:27","1","192.168.1.139"
"100","Letter re: Consultation Schedule","1","2005-09-08","C&W","2005_09_08_CWresponsetoICTAissuesDecision2005-4FLLRIC_1417452971.pdf",NULL,"U","0",,"255","N","Y","2014-12-01 10:26:11","2014-12-01 10:26:11","1","192.168.1.139"
"101","ICTA Decision","2","2011-12-22","ICTA","ICT_Decision_2011-3_FLLRIC_Phase_III_1417453236.pdf",NULL,"U","0",,"254","N","Y","2014-12-01 10:30:36","2014-12-16 01:29:51","1","27.54.170.98"
"102","Reply Comments","2","2011-01-06","LIME","2011_01_06_LIME_reply_comments_1417453271.pdf",NULL,"U","0",,"268","N","Y","2014-12-01 10:31:11","2014-12-01 10:31:11","1","192.168.1.139"
"103","Definition of current investment","2","2008-09-05","ICTA","2008_09_05_ICTA_current_investment_1417453355.pdf",NULL,"U","0",,"269","N","Y","2014-12-01 10:32:35","2014-12-01 10:32:35","1","192.168.1.139"
"104","Reply comments on timeframes","2","2008-09-01","Digicel","2008_09_01_Digicel_Reply_comments_on_timeframe_1417453405.pdf",NULL,"U","0",,"283","N","Y","2014-12-01 10:33:25","2014-12-01 10:33:25","1","192.168.1.139"
"105","Comments on timeframes","2","2008-08-22","Telecayman","2008_08_22_TeleCayman_1417453487.pdf",NULL,"U","0",,"282","N","Y","2014-12-01 10:34:47","2014-12-01 10:34:47","1","192.168.1.139"
"106","Comments on timeframes","2","2008-08-22","Digicel","2008_08_22_Digicel_1417453519.pdf",NULL,"U","0",,"281","N","Y","2014-12-01 10:35:19","2014-12-01 10:35:19","1","192.168.1.139"
"107","Comments on timeframes","2","2008-08-22","C&W","2008_08_22_CW_1417453553.pdf",NULL,"U","0",,"280","N","Y","2014-12-01 10:35:53","2014-12-01 10:35:53","1","192.168.1.139"
"108","Response to disclosure request","2","2009-12-18","LIME","2009_12_18_LIME_Response_to_Digicel_Disclosure_Request_1417453720.pdf",NULL,"U","0",,"279","N","Y","2014-12-01 10:38:40","2014-12-01 10:38:40","1","192.168.1.139"
"109","Disclosure process procedures","2","2009-12-09","ICTA","2009_12_09_ICTA_disclosure_process_1417453746.pdf",NULL,"U","0",,"267","N","Y","2014-12-01 10:39:06","2014-12-01 10:39:06","1","192.168.1.139"
"110","Disclosure request","2","2009-11-25","Digicel","2009_11_25_Digicel_Ltr_to_ICTA_re_Response_to_Phase_3_Interrogs_1417453771.pdf",NULL,"U","0",,"278","N","Y","2014-12-01 10:39:31","2014-12-01 10:50:37","1","192.168.1.139"
"111","Interconnect billing letter","2","2009-11-24","Digicel","2009_11_24_Digicel_Ltr_to_ICTA_re_IC_Billing_System_MTR_1417453807.pdf",NULL,"U","0",,"277","N","Y","2014-12-01 10:40:07","2014-12-01 10:40:07","1","192.168.1.139"
"112","Responses to Digicel interrogatories","2","2009-11-16","LIME","2009_11_16_LIME_Response_to_Digicel_FLLRIC_interrogs_1417453875.pdf",NULL,"U","0",,"276","N","Y","2014-12-01 10:41:15","2014-12-01 10:41:15","1","192.168.1.139"
"113","Responses to ICTA interrogatories","2","2009-11-16","LIME","2009_11_16_LIME_Response_to_interrogs_tranche_3_1417453905.pdf",NULL,"U","0",,"275","N","Y","2014-12-01 10:41:45","2014-12-01 10:41:45","1","192.168.1.139"
"114","Interconnect billing system letter","2","2009-11-04","Digicel","2009_11_04_Digicel_Ltr_to_ICTA_re_IC_Billing_System_MTR_1417453935.pdf",NULL,"U","0",,"274","N","Y","2014-12-01 10:42:15","2014-12-01 10:42:15","1","192.168.1.139"
"115","Response to ICTA Interrogatories","2","2009-10-23","Digicel","2009_10_23_Digicel_responses_to_ICTA_interrogatories_REDACTED_1417453962.pdf",NULL,"U","0",,"273","N","Y","2014-12-01 10:42:42","2014-12-01 10:42:42","1","192.168.1.139"
"116","Interrogatory responses - Appendix B","2","2009-10-15","LIME","2009_10_15_LIME_Appendix_B_Erlang_B_Table_1417454001.xls",NULL,"U","0",,"272","N","Y","2014-12-01 10:43:21","2014-12-01 10:43:21","1","192.168.1.139"
"117","Interrogatory responses","2","2009-10-15","LIME","2009_10_15_LIME_interrogatory_responses_redacted_1417454031.pdf",NULL,"U","0",,"271","N","Y","2014-12-01 10:43:51","2014-12-01 10:43:51","1","192.168.1.139"
"118","Approval of extension requests","2","2009-10-13","ICTA","2009_10_13_ICTA_approval_of_extension_requests_1417454189.pdf",NULL,"U","0",,"270","N","Y","2014-12-01 10:46:29","2014-12-01 10:46:29","1","192.168.1.139"
"119","Request for extension","2","2009-10-07","LIME","2009_10_07_LIME_extension_request_1417454225.pdf",NULL,"U","0",,"253","N","Y","2014-12-01 10:47:05","2014-12-01 10:47:05","1","192.168.1.139"
"120","Request for extension","2","2009-10-06","Digicel","2009_10_06_Digicel_extension_request_1417454257.pdf",NULL,"U","0",,"252","N","Y","2014-12-01 10:47:37","2014-12-01 10:47:37","1","192.168.1.139"
"121","Interrogatories to Digicel","2","2009-09-07","ICTA","2009_09_07_ICTA_FLLRIC_questions_to_Digicel_1417454296.pdf",NULL,"U","0",,"235","N","Y","2014-12-01 10:48:16","2014-12-01 10:48:16","1","192.168.1.139"
"122","Interrogatories to LIME","2","2009-09-07","Digicel","2009_09_07_Digicel_interrogatories_to_LIME_1417454330.pdf",NULL,"U","0",,"234","N","Y","2014-12-01 10:48:50","2014-12-01 10:48:50","1","192.168.1.139"
"123","Redacted version of ICTA interrogatories to LIME","2","2009-08-31","LIME","2009_08_31_LIME_redacted_version_of_ICTA_interrogs_1417454521.pdf",NULL,"U","0",,"233","N","Y","2014-12-01 10:52:01","2014-12-01 10:52:01","1","192.168.1.139"
"124","Interrogatories to LIME","2","2009-08-19","ICTA","2009_08_19_ICTA_FLLRIC_questions_to_LIME_redacted_1417454547.pdf",NULL,"U","0",,"232","N","Y","2014-12-01 10:52:27","2014-12-01 10:52:27","1","192.168.1.139"
"125","Comments on annual MTR adjustments","2","2009-08-07","LIME","2009_08_07_LIME_annual_MTR_updates_1417454594.pdf",NULL,"U","0",,"231","N","Y","2014-12-01 10:53:14","2014-12-01 10:53:14","1","192.168.1.139"
"126","Comments on annual MTR adjustments","2","2009-08-07","Digicel","2009_08_10_Digicel_annual_MTR_updates_1417454622.pdf",NULL,"U","0",,"230","N","Y","2014-12-01 10:53:42","2014-12-01 10:53:42","1","192.168.1.139"
"127","Approval of extension request","2","2009-06-16","ICTA","2009_06_16_ICTA_approves_Digicel_extension_request_1417454653.pdf",NULL,"U","0",,"229","N","Y","2014-12-01 10:54:13","2014-12-01 10:54:13","1","192.168.1.139"
"128","Extension request","2","2009-06-03","Digicel","2009_06_03_Digicel_Request_for_Extension_on_3G_Model_1417454685.pdf",NULL,"U","0",,"228","N","Y","2014-12-01 10:54:45","2014-12-01 10:54:45","1","192.168.1.139"
"129","Extension request","2","2009-05-21","LIME","2009_05_21_LIME_extension_request_1417454809.pdf",NULL,"U","0",,"227","N","Y","2014-12-01 10:56:49","2014-12-01 10:56:49","1","192.168.1.139"
"130","Covering letter 2G and 3G studies","2","2009-05-21","LIME","2009_05_21_LIME_FLLRIC_2G_and_3GMTR_studies_redacted_1417454836.pdf",NULL,"U","0",,"226","N","Y","2014-12-01 10:57:16","2014-12-01 10:57:16","1","192.168.1.139"
"131","2G cost study","2","2009-05-21","LIME","2009_05_21_LIME_CYM_2G_Mobile_Model_MTR_Cost_Study_public_1417454867.xls",NULL,"U","0",,"225","N","Y","2014-12-01 10:57:48","2014-12-01 10:57:48","1","192.168.1.139"
"132","3G cost study","2","2009-05-21","LIME","2009_05_21_LIME_CYM_3G_Mobile_Model_MTR_Cost_Study_public_1417454894.xls",NULL,"U","0",,"224","N","Y","2014-12-01 10:58:14","2014-12-01 10:58:14","1","192.168.1.139"
"133","Covering letter 3G model","2","2009-05-21","LIME","2009_05_21_LIME_submission_of_3G_Model__1417455001.pdf",NULL,"U","0",,"223","N","Y","2014-12-01 11:00:01","2014-12-01 11:00:01","1","192.168.1.139"
"134","3G model","2","2009-05-21","LIME","2009_05_21_LIME_CYM_3G_Mobile_Model_public_1417455059.xls",NULL,"U","0",,"222","N","Y","2014-12-01 11:00:38","2014-12-01 11:00:59","1","192.168.1.139"
"135","Fixed model with 3G","2","2009-05-21","LIME","2009_05_21_LIME_CYM_fixed_Public_3G_1417455088.xls",NULL,"U","0",,"236","N","Y","2014-12-01 11:01:28","2014-12-01 11:01:28","1","192.168.1.139"
"136","Addition of cost recovery to proceeding scope","2","2009-05-07","ICTA","2009_05_07_ICTA_adds_cost_recovery_to_scope_1417455115.pdf",NULL,"U","0",,"237","N","Y","2014-12-01 11:01:55","2014-12-01 11:01:55","1","192.168.1.139"
"137","Letter to interconnection parties","2","2009-04-15","LIME","2009_04_15_LIME_copy_of_interconnection_letter_1417508139.pdf",NULL,"U","0",,"251","N","Y","2014-12-02 01:45:39","2014-12-02 01:45:39","1","192.168.1.139"
"138","Covering letter","2","2009-04-09","LIME","2009_04_09_LIME_Letter_1417508175.pdf",NULL,"U","0",,"250","N","Y","2014-12-02 01:46:15","2014-12-02 01:46:15","1","192.168.1.139"
"139","Appendix II","2","2009-04-09","LIME","2009_04_09_LIME_Appendix_II_1417508215.pdf",NULL,"U","0",,"249","N","Y","2014-12-02 01:46:55","2014-12-02 01:46:55","1","192.168.1.139"
"140","Appendix III","2","2009-04-09","LIME","2009_04_09_LIME_Appendix_III_Part_I_1417508248.xls",NULL,"U","0",,"248","N","Y","2014-12-02 01:47:28","2014-12-02 01:47:28","1","192.168.1.139"
"141","Appendix IX","2","2009-04-09","LIME","2009_04_09_LIME_Appendix_IX__1417508290.pdf",NULL,"U","0",,"247","N","Y","2014-12-02 01:48:10","2014-12-02 01:48:10","1","192.168.1.139"
"142","Appendix XV","2","2009-04-09","LIME","2009_04_09_LIME_Appendix_XV_1417508328.pdf",NULL,"U","0",,"246","N","Y","2014-12-02 01:48:48","2014-12-02 01:48:48","1","192.168.1.139"
"143","Fixed model","2","2009-04-09","LIME","2009_04_09_LIME_redacted_CYM_fixed_1417508369.xls",NULL,"U","0",,"245","N","Y","2014-12-02 01:49:29","2014-12-02 01:49:29","1","192.168.1.139"
"144","Mobile model","2","2009-04-09","LIME","2009_04_09_LIME_redacted_CYM_Mobile_1417508401.xls",NULL,"U","0",,"244","N","Y","2014-12-02 01:50:01","2014-12-02 01:50:01","1","192.168.1.139"
"145","Extension request","2","2009-04-08","LIME","2009_04_08_LIME_Extension_Request_1417508434.pdf",NULL,"U","0",,"243","N","Y","2014-12-02 01:50:34","2014-12-02 01:51:03","1","192.168.1.139"
"146","Approval of request for further extension","2","2009-04-08","ICTA","2009_04_08_ICTA_approves_LIME_request_for_further_extension_1417508536.pdf",NULL,"U","0",,"242","N","Y","2014-12-02 01:52:16","2014-12-02 01:52:16","1","192.168.1.139"
"147","Approval of LIME exetenion request","2","2009-03-27","ICTA","2009_03_27_ICTA_approves_LIME_extension_request_1417508697.pdf",NULL,"U","0",,"241","N","Y","2014-12-02 01:54:57","2014-12-02 01:54:57","1","192.168.1.139"
"148","Response to Digicel re LIME extension request","2","2009-03-27","ICTA","2009_03_27_ICTA_to_Digicel_re_LIME_extension_request_1417508735.pdf",NULL,"U","0",,"240","N","Y","2014-12-02 01:55:35","2014-12-02 01:55:35","1","192.168.1.139"
"149","Comment on LIME extension request","2","2009-03-27","Digicel","2009_03_27_Digicel_re_LIME_extension_request_1417508777.pdf",NULL,"U","0",,"239","N","Y","2014-12-02 01:56:17","2014-12-02 01:56:17","1","192.168.1.139"
"150","Application for recovery of FLLRIC costs","2","2009-03-20","LIME","2009_03_20_LIME_Application_for_Recovery_of_FLLRIC_Costs_1417508803.pdf",NULL,"U","0",,"238","N","Y","2014-12-02 01:56:43","2014-12-02 01:56:43","1","192.168.1.139"
"151","Extension request","2","2009-03-17","LIME","2009_03_17_LIME_extension_request_1417508840.pdf",NULL,"U","0",,"221","N","Y","2014-12-02 01:57:20","2014-12-02 01:57:20","1","192.168.1.139"
"152","Costing Implementation Assessment RFP","2","2009-02-13","ICTA","2009_02_13_ICTA_FLLRIC_Implementation_RFP_1417508872.pdf",NULL,"U","0",,"285","N","Y","2014-12-02 01:57:52","2014-12-02 01:57:52","1","192.168.1.139"
"153","CD2009-1 FLLRIC Implementation","2","2009-01-15","ICTA","2009_01_15_CD2009-1_FLLRIC_Implementation_1417508899.pdf",NULL,"U","0",,"318","N","Y","2014-12-02 01:58:19","2014-12-02 01:58:19","1","192.168.1.139"
"154","Closing comments","2","2010-12-14","LIME","2010_12_14_LIME_closing_comments_FLLRIC_phase_III_1417509357.pdf",NULL,"U","0",,"332","N","Y","2014-12-02 02:05:57","2014-12-02 02:05:57","1","192.168.1.139"
"155","Correction to public version of 3G module","2","2010-12-13","LIME","2010_12_13_LIME_correction_to_3G_public_module_1417509399.pdf",NULL,"U","0",,"331","N","Y","2014-12-02 02:06:39","2014-12-02 02:06:39","1","192.168.1.139"
"156","Attachment - Fixed module","2","2010-12-13","LIME","2010_12_13_LIME_CYM_fixed_updated_10_11_10_Public_1417509450.xls",NULL,"U","0",,"330","N","Y","2014-12-02 02:07:31","2014-12-02 02:07:31","1","192.168.1.139"
"157","Attachment - Fixed with MTM","2","2010-12-13","LIME","2010_12_13_LIME_CYM_fixed_updated_10_11_10_MTM_interconnect_Public_1417509495.xls",NULL,"U","0",,"329","N","Y","2014-12-02 02:08:15","2014-12-02 02:08:15","1","192.168.1.139"
"158","Attachment - Mobile 3G module","2","2010-12-13","LIME","2010_12_13_LIME_CYM_Mobile_3G_updated_10_11_10Public_v2_1417509532.xls",NULL,"U","0",,"328","N","Y","2014-12-02 02:08:52","2014-12-02 02:08:52","1","192.168.1.139"
"159","Attachment - Mobile 3G with MTM","2","2010-12-13","LIME","2010_12_13_LIME_CYM_Mobile_3G_updated_10_11_10_MTM_interconnect_Public_v2_1417509560.xls",NULL,"U","0",,"327","N","Y","2014-12-02 02:09:20","2014-12-02 02:09:20","1","192.168.1.139"
"160","Due dates for comments and reply comments","2","2010-11-23","ICTA","2010_11_23_ICTA_further_procedures_1417509590.pdf",NULL,"U","0",,"326","N","Y","2014-12-02 02:09:50","2014-12-02 02:09:50","1","192.168.1.139"
"161","Interrogatory responses - round 4","2","2010-11-10","LIME","2010_11_10_LIME_responses_to_Round4_interrogs_1417509739.pdf",NULL,"U","0",,"325","N","Y","2014-12-02 02:12:19","2014-12-02 02:12:19","1","192.168.1.139"
"162","Interrogatory attachment Fixed with MTM","2","2010-11-10","LIME","2010_11_10_LIME_CYM_fixed_-_updated_10_11_10_MTM_interconnect_Public_1417509788.xls",NULL,"U","0",,"324","N","Y","2014-12-02 02:13:08","2014-12-02 02:14:25","1","192.168.1.139"
"163","Interrogatory attachment Fixed module","2","2010-11-10","LIME","2010_11_10_LIME_CYM_fixed_-_updated_10_11_10_Public_1417509817.xls",NULL,"U","0",,"323","N","Y","2014-12-02 02:13:37","2014-12-02 02:13:37","1","192.168.1.139"
"164","Interrogatory attachment Mobile 2G with MTM","2","2010-11-10","LIME","2010_11_10_LIME_CYM_Mobile_2G_-_updated_10_11_10_MTM_interconnect_Public_1417509899.xls",NULL,"U","0",,"322","N","Y","2014-12-02 02:14:59","2014-12-02 02:14:59","1","192.168.1.139"
"165","Interrogatory attachment Mobile 2G module","2","2010-11-10","LIME","2010_11_10_LIME_CYM_Mobile_2G_-_updated_10_11_10_Public_1417509936.xls",NULL,"U","0",,"321","N","Y","2014-12-02 02:15:36","2014-12-02 02:15:36","1","192.168.1.139"
"166","Interrogatory attachment Mobile 3G module with MTM","2","2010-11-10","LIME","2010_11_10_LIME_CYM_Mobile_3G_-_updated_10_11_10_MTM_interconnect_Public_1417510019.xls",NULL,"U","0",,"320","N","Y","2014-12-02 02:16:59","2014-12-02 02:16:59","1","192.168.1.139"
"167","Interrogatory attachment Mobile 3G module","2","2010-11-10","LIME","2010_11_10_LIME_CYM_Mobile_3G_-_updated_10_11_10_Public_1417510057.xls",NULL,"U","0",,"319","N","Y","2014-12-02 02:17:37","2014-12-02 02:17:37","1","192.168.1.139"
"168","Redacted version of round 4 ICTA interrogatories","2","2010-10-27","LIME","2010_10_27_LIME_redacted_interrogatories_1417510101.pdf",NULL,"U","0",,"333","N","Y","2014-12-02 02:18:21","2014-12-02 02:18:21","1","192.168.1.139"
"169","Round 4 interrogatories to LIME","2","2010-10-20","ICTA","2010_10_20_ICTA_fourth_round_interrogatories_to_LIME_redacted_1417510156.pdf",NULL,"U","0",,"334","N","Y","2014-12-02 02:19:16","2014-12-02 02:19:16","1","192.168.1.139"
"170","Interrogatory responses - round 3","2","2010-09-01","LIME","2010_09_01_LIME_response_to_Round3_interrogs_1417510219.pdf",NULL,"U","0",,"335","N","Y","2014-12-02 02:20:19","2014-12-02 02:20:19","1","192.168.1.139"
"171","Interrogatory attachment Fixed with MTM","2","2010-09-01","LIME","2010_09_01_LIME_CYM_fixed_-_updated_10_09_01_MTM_interconnect_Public_1417510267.xls",NULL,"U","0",,"345","N","Y","2014-12-02 02:21:07","2014-12-02 02:21:07","1","192.168.1.139"
"172","Interrogatory attachment Fixed module","2","2010-09-01","LIME","2010_09_01_LIME_CYM_fixed_-_updated_10_09_01_Public_1417510312.xls",NULL,"U","0",,"346","N","Y","2014-12-02 02:21:52","2014-12-02 02:21:52","1","192.168.1.139"
"173","Interrogatory attachment Mobile 2G with MTM","2","2010-09-01","LIME","2010_09_01_LIME_CYM_Mobile_2G_-_updated_10_09_01_MTM_interconnect_Public_1417510360.xls",NULL,"U","0",,"347","N","Y","2014-12-02 02:22:40","2014-12-02 02:22:40","1","192.168.1.139"
"174","Interrogatory attachment Mobile 2G module","2","2010-09-01","LIME","2010_09_01_LIME_CYM_Mobile_2G_-_updated_10_09_01_Public_1417510406.xls",NULL,"U","0",,"348","N","Y","2014-12-02 02:23:26","2014-12-02 02:23:26","1","192.168.1.139"
"175","Interrogatory attachment Mobile 3G module with MTM","2","2010-09-01","LIME","2010_09_01_LIME_CYM_Mobile_3G_-_updated_10_09_01_MTM_interconnect_Public_1417510441.xls",NULL,"U","0",,"349","N","Y","2014-12-02 02:24:01","2014-12-02 02:24:01","1","192.168.1.139"
"176","Interrogatory attachment Mobile 3G module","2","2010-09-01","LIME","2010_09_01_LIME_CYM_Mobile_3G_-_updated_10_09_01_Public_1417510480.xls",NULL,"U","0",,"344","N","Y","2014-12-02 02:24:40","2014-12-02 02:24:40","1","192.168.1.139"
"177","Redacted version of round 3 ICTA interrogatories","2","2010-08-10","LIME","2010_08_10_LIME_redactions_to_ICTA_interrogs_1417510881.pdf",NULL,"U","0",,"343","N","Y","2014-12-02 02:31:21","2014-12-02 02:31:21","1","192.168.1.139"
"178","Round 3 interrogatories to LIME","2","2010-08-02","ICTA","2010_08_02_ICTA_third_round_interrogatories_to_LIME_redacted_1417510944.pdf",NULL,"U","0",,"342","N","Y","2014-12-02 02:32:24","2014-12-02 02:32:24","1","192.168.1.139"
"179","Interrogatory responses - round 2","2","2010-06-30","LIME","2010_06_30_LIME_responses_to_ICTA_Interrogs_1417510974.pdf",NULL,"U","0",,"341","N","Y","2014-12-02 02:32:54","2014-12-02 02:32:54","1","192.168.1.139"
"180","Interrogatory attachment appendix V","2","2010-06-30","LIME","2010_06_30_LIME_Appendix_V-TD_LRIC_Input_10_06_30_Public_1417511004.xls",NULL,"U","0",,"340","N","Y","2014-12-02 02:33:24","2014-12-02 02:33:24","1","192.168.1.139"
"181","Interrogatory attachment Fixed module","2","2010-06-30","LIME","2010_06_30_LIME_CYM_fixed_-_updated_10_06_30_Public_1417511032.xls",NULL,"U","0",,"339","N","Y","2014-12-02 02:33:53","2014-12-02 02:33:53","1","192.168.1.139"
"182","Interrogatory attachment Mobile 2G module","2","2010-06-30","LIME","2010_06_30_LIME_CYM_Mobile_2G_-_updated_10_06_30_Public_1417511060.xls",NULL,"U","0",,"338","N","Y","2014-12-02 02:34:20","2014-12-02 02:34:20","1","192.168.1.139"
"183","Interrogatory attachment Mobile 3G module","2","2010-06-30","LIME","2010_06_30_LIME_CYM_Mobile_3G_10_06_30_Public_1417511088.xls",NULL,"U","0",,"337","N","Y","2014-12-02 02:34:48","2014-12-02 02:34:48","1","192.168.1.139"
"184","Approval of extension request","2","2010-06-23","ICTA","2010_06_23_ICTA_approves_LIME_extension_request_1417511123.pdf",NULL,"U","0",,"336","N","Y","2014-12-02 02:35:23","2014-12-02 02:35:23","1","192.168.1.139"
"185","Extension request","2","2010-06-21","LIME","2010_06_21_LIME_extension_request_1417511153.pdf",NULL,"U","0",,"317","N","Y","2014-12-02 02:35:53","2014-12-02 02:35:53","1","192.168.1.139"
"186","Response to LIME questions on interrogatories","2","2010-05-31","ICTA","2010_05_31_ICTA_email_to_LIME_1417511227.pdf",NULL,"U","0",,"300","N","Y","2014-12-02 02:37:07","2014-12-02 02:37:29","1","192.168.1.139"
"187","Redacted version of round 2 ICTA interrogatories","2","2010-05-31","LIME","2010_05_31_LIME_Proposed_Redactions_to_Interrogs_1417511283.pdf",NULL,"U","0",,"299","N","Y","2014-12-02 02:38:03","2014-12-02 02:38:03","1","192.168.1.139"
"188","Questions on ICTA interrogatories","2","2010-05-31","LIME","2010_05_31_LIME_email_to_ICTA_1417511329.pdf",NULL,"U","0",,"298","N","Y","2014-12-02 02:38:49","2014-12-02 02:38:49","1","192.168.1.139"
"189","Approval of extension request","2","2010-05-27","ICTA","2010_05_27_ICTA_approves_LIME_extension_request_1417511369.pdf",NULL,"U","0",,"297","N","Y","2014-12-02 02:39:29","2014-12-02 02:39:29","1","192.168.1.139"
"190","Extension request","2","2010-05-26","LIME","2010_05_26_LIME_extension_request_1417511402.pdf",NULL,"U","0",,"296","N","Y","2014-12-02 02:40:02","2014-12-02 02:40:02","1","192.168.1.139"
"191","Round 2 interrogatories to LIME","2","2010-05-13","ICTA","2010_05_13_ICTA_interrogatories_to_LIME_redacted_1417511430.pdf",NULL,"U","0",,"295","N","Y","2014-12-02 02:40:30","2014-12-02 02:40:30","1","192.168.1.139"
"192","Further disclosed interrogatory responses","2","2010-03-31","LIME","2010_03_31_LIME_disclosure_of_FLLRIC_documents_1417511460.pdf",NULL,"U","0",,"294","N","Y","2014-12-02 02:41:00","2014-12-02 02:41:00","1","192.168.1.139"
"193","Interrogatory 121 attachment","2","2010-03-11","LIME","2010_03_11_LIME_Appendix_VIII_RF_Analysis_revised_int_121_1417511493.xls",NULL,"U","0",,"293","N","Y","2014-12-02 02:41:33","2014-12-02 02:41:33","1","192.168.1.139"
"194","Interrogatory 120 attachment","2","2010-03-11","LIME","2010_03_11_LIME_Appendix_V_TD_LRIC_Input_int_120_1417511518.xls",NULL,"U","0",,"292","N","Y","2014-12-02 02:41:58","2014-12-02 02:41:58","1","192.168.1.139"
"195","Interrogatory attachment routing factors","2","2010-03-11","LIME","2010_03_11_LIME_CYM_3G_Routing_Factors_20091012_1417511555.xls",NULL,"U","0",,"291","N","Y","2014-12-02 02:42:35","2014-12-02 02:42:35","1","192.168.1.139"
"196","Interrogatory attachment Fixed module","2","2010-03-11","LIME","2010_03_11_LIME_CYM_Fixed_updated_10_03_11_revised_redaction_1417511583.xls",NULL,"U","0",,"290","N","Y","2014-12-02 02:43:03","2014-12-02 02:43:03","1","192.168.1.139"
"197","Interrogatory attachment Mobile 2G module","2","2010-03-11","LIME","2010_03_11_LIME_CYM_Mobile_2G_revised_redaction_1417511603.xls",NULL,"U","0",,"289","N","Y","2014-12-02 02:43:23","2014-12-02 02:43:23","1","192.168.1.139"
"198","Disclosed interrogatory responses","2","2010-03-11","LIME","2010_03_11_LIME_disclosure_of_FLLRIC_documents_1417511672.pdf",NULL,"U","0",,"288","N","Y","2014-12-02 02:44:32","2014-12-02 02:44:32","1","192.168.1.139"
"199","ICTA decision on reconsideration","2","2010-02-26","ICTA","2010_02_26_ICTA_Decision_2010-2_Recon_of_FLLRIC_disclosure_1417511881.pdf",NULL,"U","0",,"287","N","Y","2014-12-02 02:48:01","2014-12-02 02:48:01","1","192.168.1.139"
"200","Reconsideration request response","2","2010-02-09","Digicel","2010_02_09_Digicel_Response_to_LIME_Disclosure_Recon_Request_1417511903.pdf",NULL,"U","0",,"301","N","Y","2014-12-02 02:48:23","2014-12-02 02:48:23","1","192.168.1.139"
"201","Interrogatory responses attachment","2","2010-01-28","LIME","2010_01_28_LIME_Appendix_F_Contact_Center_October2009_int_21_1417511928.xls",NULL,"U","0",,"302","N","Y","2014-12-02 02:48:48","2014-12-02 02:48:48","1","192.168.1.139"
"202","Revised Fixed Network module","2","2010-01-28","LIME","2010_01_28_LIME_CYM_Fixed_updated_10_01_28_revised_redaction_1417511989.xls",NULL,"U","0",,"316","N","Y","2014-12-02 02:49:49","2014-12-02 02:49:49","1","192.168.1.139"
"203","Disclosed interrogatory responses","2","2010-01-28","LIME","2010_01_28_LIME_Disclosure_of_FLLRIC_documents_1417512053.pdf",NULL,"U","0",,"315","N","Y","2014-12-02 02:50:53","2014-12-02 02:50:53","1","192.168.1.139"
"204","Call for Comments on LIME reconsideration request","2","2010-01-28","ICTA","2010_01_28_ICTA_Call_for_comments_on_LIME_reconsideration_request_1417512091.pdf",NULL,"U","0",,"314","N","Y","2014-12-02 02:51:31","2014-12-02 02:51:31","1","192.168.1.139"
"205","Interrogatory responses","2","2010-01-27","LIME","2010_01_27_LIME_responses_to_interrogs_tranche_2_1417512120.pdf",NULL,"U","0",,"313","N","Y","2014-12-02 02:52:00","2014-12-02 02:52:00","1","192.168.1.139"
"206","Reconsideration request","2","2010-01-27","LIME","2010_01_27_LIME_Recon_of_Request_re_FLLRIC_Disclosure_Order_1417512152.pdf",NULL,"U","0",,"312","N","Y","2014-12-02 02:52:32","2014-12-02 02:52:32","1","192.168.1.139"
"207","FLLRIC procedures","2","2010-01-14","ICTA","2010_01_14_ICTA_FLLRIC_procedures_1417512186.pdf",NULL,"U","0",,"311","N","Y","2014-12-02 02:53:06","2014-12-02 02:53:06","1","192.168.1.139"
"208","Disclosure determination","2","2010-01-14","ICTA","2010_01_14_ICTA_disclosure_determination_1417512212.pdf",NULL,"U","0",,"310","N","Y","2014-12-02 02:53:32","2014-12-02 02:53:32","1","192.168.1.139"
"209","Response to ICTA Decision 2012-2","3","2012-06-07","Telecayman",,NULL,"U","0",,"309","N","Y","2014-12-02 03:04:52","2017-08-11 08:13:37","1","27.54.170.98"
"210","Response to ICTA Decision 2012-2 FTR and Transit Rates","3","2012-06-06","LIME","2012_06_06_LIME_regarding_ICTA_Decision_2012-2_FTR-Transit_1417512922.pdf",NULL,"U","0",,"308","N","Y","2014-12-02 03:05:22","2014-12-02 03:05:22","1","192.168.1.139"
"211","Response to ICTA Decision 2012-2 MTR-Logic","3","2012-05-31","LIME","2012_05_31_LIME_ICTA_Decision_2012-2_MTR-Logic_1417512968.pdf",NULL,"U","0",,"307","N","Y","2014-12-02 03:06:08","2014-12-02 03:06:08","1","192.168.1.139"
"212","Response to ICTA Decision 2012 MTR-Digicel","3","2012-05-31","LIME","2012_05_31_LIME_ICTA_Decision_2012-2_MTR-Digicel_1417513023.pdf",NULL,"U","0",,"306","N","Y","2014-12-02 03:07:03","2014-12-02 03:07:03","1","192.168.1.139"
"213","Response to ICTA Decision 2012-2 MTR-TeleCayman","3","2012-05-31","LIME","2012_05_31_LIME_ICTA_Decision_2012-2_MTR-TeleCayman_1417513083.pdf",NULL,"U","0",,"305","N","Y","2014-12-02 03:08:03","2014-12-02 03:08:03","1","192.168.1.139"
"214","Extension Request","3","2012-05-31","LIME","2012_05_31_LIME_regarding_ICTA_Decision_2012-2_FTR_Transit_1417513127.pdf",NULL,"U","0",,"304","N","Y","2014-12-02 03:08:47","2014-12-02 03:08:47","1","192.168.1.139"
"215","Comments ICTA Decision 2012-2","3","2012-05-31","Digicel","2012_05_31_Digicel_comments_ICTA_Decision_2012-2_1417513154.pdf",NULL,"U","0",,"303","N","Y","2014-12-02 03:09:14","2014-12-02 03:09:14","1","192.168.1.139"
"216","Response to ICTA Decision 2012-2","3","2012-05-31","Logic","2012_05_31_Logic_regarding_ICTA_Decision_2012-2_1417513196.pdf",NULL,"U","0",,"286","N","Y","2014-12-02 03:09:56","2014-12-02 03:09:56","1","192.168.1.139"
"217","Decision 2012-2 FLLRIC Follow-Up Proceeding","3","2012-05-17","ICTA","2012_05_17_ICTA_Decision_2012-2_FLLRIC_follow-up_proceeding_1417513277.pdf",NULL,"U","0",,"61","N","Y","2014-12-02 03:11:17","2014-12-02 03:11:17","1","192.168.1.139"
"218","Reply to Digicel","3","2012-05-17","ICTA","2012_05_17_ICTA_reply_to_Digicel_1417513302.pdf",NULL,"U","0",,"75","N","Y","2014-12-02 03:11:42","2014-12-02 03:11:42","1","192.168.1.139"
"219","Comments on ICTA Disclosure Determination","3","2012-05-01","Digicel","2012_05_01_Digicel_comments_ICTA_disclosure_determination_1417513379.pdf",NULL,"U","0",,"76","N","Y","2014-12-02 03:12:59","2014-12-02 03:12:59","1","192.168.1.139"
"220","Disclosure Determination","3","2012-04-19","ICTA","2012_04_19_ICTA_disclosure_determination_1417513497.pdf",NULL,"U","0",,"77","N","Y","2014-12-02 03:14:57","2014-12-02 03:14:57","1","192.168.1.139"
"221","Reply Comments and Disclosure Request","3","2012-04-04","LIME","2012_04_04_LIME_reply_comments_and_disclosure_request_1417513531.pdf",NULL,"U","0",,"78","N","Y","2014-12-02 03:15:31","2014-12-02 03:15:31","1","192.168.1.139"
"222","Final Comments","3","2012-03-30","Digicel","2012_03_30_Digicel_Comments_1417513552.pdf",NULL,"U","0",,"79","N","Y","2014-12-02 03:15:52","2014-12-02 03:15:52","1","192.168.1.139"
"223","Response to Disclosure Determination","3","2012-03-13","LIME","2012_03_13_LIME_Response_to_Disclosure_Determination_1417513586.pdf",NULL,"U","0",,"80","N","Y","2014-12-02 03:16:26","2014-12-02 03:16:26","1","192.168.1.139"
"224","Attachment - List of Model Redactions","3","2012-03-13","LIME","2012_03_13_LIME_Model_redactions_1417513613.xls",NULL,"U","0",,"81","N","Y","2014-12-02 03:16:53","2014-12-02 03:16:53","1","192.168.1.139"
"225","Attachment - Appendix V","3","2012-03-13","LIME","2012_03_13_LIME_2010_06_30_Appendix_V-TD_LRIC_Input_Public_1417513644.xls",NULL,"U","0",,"82","N","Y","2014-12-02 03:17:24","2014-12-02 03:17:24","1","192.168.1.139"
"226","Attachment - Fixed Module","3","2012-03-13","LIME","2012_03_13_LIME_CYM_fixed_Public_1417513671.xls",NULL,"U","0",,"83","N","Y","2014-12-02 03:17:51","2014-12-02 03:17:51","1","192.168.1.139"
"227","Attachment - 2G Module","3","2012-03-13","LIME","2012_03_13_LIME_CYM_Mobile_2G_Public_1417513696.xls",NULL,"U","0",,"84","N","Y","2014-12-02 03:18:16","2014-12-02 03:18:16","1","192.168.1.139"
"228","Attachment - 3G Module","3","2012-03-13","LIME","2012_03_13_LIME_CYM_Mobile_3G_Public_1417513723.xls",NULL,"U","0",,"85","N","Y","2014-12-02 03:18:43","2014-12-02 03:18:43","1","192.168.1.139"
"229","Attachment - MTM Interconnect Costs","3","2012-03-13","LIME","2012_03_13_LIME_2012_02_21_MTM_Interconnect_Costs_1417513769.xlsx",NULL,"U","0",,"74","N","Y","2014-12-02 03:19:29","2014-12-02 03:19:29","1","192.168.1.139"
"230","Disclosure Determination","3","2012-03-08","ICTA","2012_03_08_ICTA_disclosure_determination_1417513793.pdf",NULL,"U","0",,"73","N","Y","2014-12-02 03:19:53","2014-12-02 03:19:53","1","192.168.1.139"
"231","Reply to Digicel Disclosure Request","3","2012-02-24","LIME","2012_02_24_LIME_reply_to_Digicel_disclosure_request_1417513947.pdf",NULL,"U","0",,"62","N","Y","2014-12-02 03:22:27","2014-12-02 03:22:27","1","192.168.1.139"
"232","Covering Letter","3","2012-02-21","LIME","2012_02_21_LIME_Response_to_Decision_2011-3_1417513977.pdf",NULL,"U","0",,"63","N","Y","2014-12-02 03:22:57","2014-12-02 03:22:57","1","192.168.1.139"
"233","Attachment - List of Model Redactions","3","2012-02-21","LIME","2012_02_21_LIME_Model_redactions_1417514001.xlsx",NULL,"U","0",,"64","N","Y","2014-12-02 03:23:21","2014-12-02 03:23:21","1","192.168.1.139"
"234","Attachment - 2G Module","3","2012-02-21","LIME","2012_02_21_LIME_CYM_Mobile_2G_Public_1417514023.xls",NULL,"U","0",,"65","N","Y","2014-12-02 03:23:43","2014-12-02 03:23:43","1","192.168.1.139"
"235","Attachment - 3G Module","3","2012-02-21","LIME","2012_02_21_LIME_CYM_Mobile_3G_Public_1417514044.xls",NULL,"U","0",,"66","N","Y","2014-12-02 03:24:04","2014-12-02 03:24:04","1","192.168.1.139"
"236","Disclosure Request","3","2012-02-17","Digicel","2012_02_17_Digicel_FLLRIC_full_disclosure_ltr_1417514068.pdf",NULL,"U","0",,"67","N","Y","2014-12-02 03:24:28","2014-12-02 03:24:28","1","192.168.1.139"
"237","Covering Letter","3","2012-02-07","LIME","2012_02_07_LIME_Response_to_ICTA_Decision_2011-3_1417514105.pdf",NULL,"U","0",,"68","N","Y","2014-12-02 03:25:05","2014-12-02 03:25:05","1","192.168.1.139"
"238","List of changes to model","3","2012-02-07","LIME","2012_02_07_LIME_documentation_1417514131.pdf",NULL,"U","0",,"69","N","Y","2014-12-02 03:25:31","2014-12-02 03:25:31","1","192.168.1.139"
"239","Attachment - Fixed Module","3","2012-02-07","LIME","2012_02_07_LIME_CYM_fixed_Public_1417514155.xls",NULL,"U","0",,"70","N","Y","2014-12-02 03:25:55","2014-12-02 03:25:55","1","192.168.1.139"
"240","Attachment - 2G Module","3","2012-02-07","LIME","2012_02_07_LIME_CYM_Mobile_2G_Public_1417514182.xls",NULL,"U","0",,"71","N","Y","2014-12-02 03:26:23","2014-12-02 03:26:23","1","192.168.1.139"
"241","Attachment - 3G Module","3","2012-02-07","LIME","2012_02_07_LIME_CYM_Mobile_3G_Public_1417514205.xls",NULL,"U","0",,"72","N","Y","2014-12-02 03:26:45","2014-12-02 03:26:45","1","192.168.1.139"
"242","Approval of extension request","4","2012-12-24","ICTA","2012_12_24_ICTA_approval_LIME_extension_request_1417515528.pdf",NULL,"U","0",,"86","N","Y","2014-12-02 03:48:48","2014-12-02 03:48:48","1","192.168.1.139"
"243","Extension request","4","2012-12-20","LIME","2012_12_20_LIME_extension_request_1417515550.pdf",NULL,"U","0",,"87","N","Y","2014-12-02 03:49:10","2014-12-02 03:49:10","1","192.168.1.139"
"244","Disclosure Determination","4","2012-12-13","ICTA","2012_12_13_ICTA_disclosure_determination_1417515574.pdf",NULL,"U","0",,"88","N","Y","2014-12-02 03:49:34","2014-12-02 03:49:34","1","192.168.1.139"
"245","Reply to Digicel Disclosure Request","4","2012-10-26","LIME","2012_10_26_LIME_response_to_disclosure_request_1417515597.pdf",NULL,"U","0",,"102","N","Y","2014-12-02 03:49:57","2014-12-02 03:49:57","1","192.168.1.139"
"246","Disclosure Request","4","2012-10-12","Digicel","2012_10_12_Digicel_Disclosure_Request_1417515620.pdf",NULL,"U","0",,"103","N","Y","2014-12-02 03:50:20","2014-12-02 04:06:54","1","192.168.1.139"
"247","Covering Letter","4","2012-10-02","LIME","2012_10_02_LIME_submission_FTR_and_Transit_Rate_1417515650.pdf",NULL,"U","0",,"104","N","Y","2014-12-02 03:50:50","2014-12-02 03:50:50","1","192.168.1.139"
"248","Attachment - Fixed Module","4","2012-10-02","LIME","2012_10_02_LIME_CYM_fixed_Public_1417515677.xls",NULL,"U","0",,"105","N","Y","2014-12-02 03:51:17","2014-12-02 03:51:17","1","192.168.1.139"
"249","Consultation Document","4","2012-09-04","ICTA","2012_09_04_ICTA_CD2012-1_FTR_and_Transit_Rate_review_1417515706.pdf",NULL,"U","0",,"106","N","Y","2014-12-02 03:51:46","2014-12-02 03:51:46","1","192.168.1.139"
"250","Supplemental responses to Digicel interrogatories","4","2013-06-05","LIME","2013_06_05_LIME_supplemental_responses_to_Digicel_interrogs_1417515957.pdf",NULL,"U","0",,"107","N","Y","2014-12-02 03:55:57","2014-12-02 03:55:57","1","192.168.1.139"
"251","Interrogatories to LIME","4","2013-05-23","Digicel","2013_05_23_Digicel_Answering_Interrogatories_1417515981.pdf",NULL,"U","0",,"108","N","Y","2014-12-02 03:56:21","2014-12-02 03:56:21","1","192.168.1.139"
"252","Response to Digicel request","4","2013-05-13","ICTA","2013_05_13_ICTA_Digicelrequest_for_further_responses_1417516003.pdf",NULL,"U","0",,"109","N","Y","2014-12-02 03:56:43","2014-12-02 03:56:43","1","192.168.1.139"
"253","Request for further responses","4","2013-05-10","Digicel","2013_05_10_Digicel_Answering_Interrogatories_1417516042.pdf",NULL,"U","0",,"110","N","Y","2014-12-02 03:57:22","2014-12-02 03:57:22","1","192.168.1.139"
"254","Attachment - Appendix III","4","2013-05-06","LIME","2013_05_06_LIME_Appendix_III_Fixed_Assets_Revaluation_Public_1417516073.xls",NULL,"U","0",,"111","N","Y","2014-12-02 03:57:53","2014-12-02 03:57:53","1","192.168.1.139"
"255","Attachment - Appendix IV","4","2013-05-06","LIME","2013_05_06_LIME_Appendix_IV_FAC_TD_Values_rev3_Public_1417516100.xls",NULL,"U","0",,"112","N","Y","2014-12-02 03:58:20","2014-12-02 03:58:20","1","192.168.1.139"
"256","Attachment - Appendix V","4","2013-05-06","LIME","2013_05_06_LIME_Appendix_V_TD_LRIC_Input_Public_1417516130.xls",NULL,"U","0",,"101","N","Y","2014-12-02 03:58:50","2014-12-02 03:58:50","1","192.168.1.139"
"257","Attachment - Fixed Module","4","2013-05-06","LIME","2013_05_06_LIME_CYM_fixed_Public_1417516156.xls",NULL,"U","0",,"100","N","Y","2014-12-02 03:59:17","2014-12-02 03:59:17","1","192.168.1.139"
"258","Covering Letter","4","2013-05-06","LIME","2013_05_06_LIME_Letter_revised_fixed_model_1417516182.pdf",NULL,"U","0",,"89","N","Y","2014-12-02 03:59:42","2014-12-02 03:59:42","1","192.168.1.139"
"259","Supplemental responses to ICTA interrogatories","4","2013-05-03","LIME","2013_05_03_LIME_responses_to_ICTA_interrogatories_Public_1417516207.pdf",NULL,"U","0",,"90","N","Y","2014-12-02 04:00:07","2014-12-02 04:00:07","1","192.168.1.139"
"260","Supplemental responses to ICTA interrogatories","4","2013-04-19","LIME","2013_04_19LIME_Responses_to_ICTA_Interrogatories_Public_1417516234.pdf",NULL,"U","0",,"91","N","Y","2014-12-02 04:00:34","2014-12-02 04:00:34","1","192.168.1.139"
"261","Supplemental responses to ICTA interrogatories - attachment","4","2013-04-12","LIME","2013_04_12_LIME_Attachment_response_to_ICTA_Interrog_45_1417516264.xlsx",NULL,"U","0",,"92","N","Y","2014-12-02 04:01:04","2014-12-02 04:01:04","1","192.168.1.139"
"262","Supplemental responses to ICTA interrogatories","4","2013-04-12","LIME","2013_04_12_LIME_responses_to_ICTAinterrogatories_Public_1417516290.pdf",NULL,"U","0",,"93","N","Y","2014-12-02 04:01:30","2014-12-02 04:01:30","1","192.168.1.139"
"263","Amended 28 Mar 2013 covering letter","4","2013-04-04","LIME","2013_04_04_LIME_revised_28_March_cover_letter_1417516335.pdf",NULL,"U","0",,"94","N","Y","2014-12-02 04:02:15","2014-12-02 04:02:15","1","192.168.1.139"
"264","Responses to ICTA and LIME interrogatories","4","2013-03-28","Digicel","2013_03_28_Digicel_response_to_Interrogatories_1417516383.pdf",NULL,"U","0",,"95","N","Y","2014-12-02 04:03:03","2014-12-02 04:03:03","1","192.168.1.139"
"265","Attachment - Appendix III","4","2013-03-28","LIME","2013_03_28_LIME_Appendix_III_Fixed_Assets_Revaluation_Public_1417516407.xls",NULL,"U","0",,"96","N","Y","2014-12-02 04:03:28","2014-12-02 04:03:28","1","192.168.1.139"
"266","Attachment - Appendix IV","4","2013-03-28","LIME","2013_03_28_LIME_Appendix_IV_FAC_TD_Values_rev3_Public_1417516438.xls",NULL,"U","0",,"97","N","Y","2014-12-02 04:03:58","2014-12-02 04:03:58","1","192.168.1.139"
"267","Attachment - Appendix V","4","2013-03-28","LIME","2013_03_28_LIME_Appendix_V-TD_LRIC_Input_Public_1417516464.xls",NULL,"U","0",,"98","N","Y","2014-12-02 04:04:24","2014-12-02 04:04:24","1","192.168.1.139"
"268","Attachment - Fixed Module","4","2013-03-28","LIME","2013_03_28_LIME_CYM_fixed_Public_1417516485.xls",NULL,"U","0",,"99","N","Y","2014-12-02 04:04:45","2014-12-02 04:04:45","1","192.168.1.139"
"269","Responses to ICTA and Digicel interrogatories","4","2013-03-28","LIME","2013_03_28_LIME_response_to_ICTA_and_Digicel_1417516512.pdf",NULL,"U","0",,"113","N","Y","2014-12-02 04:05:12","2014-12-02 04:05:12","1","192.168.1.139"
"270","Approval of extension request","4","2013-03-06","ICTA","2013_03_06_ICTA_approval_of_Digicel_request_for_an_extension_1417516556.pdf",NULL,"U","0",,"60","N","Y","2014-12-02 04:05:56","2014-12-02 04:05:56","1","192.168.1.139"
"271","Request for extension","4","2013-03-05","Digicel","2013_03_05_Digicel_request_for_an_extension_1417516879.pdf",NULL,"U","0",,"7","N","Y","2014-12-02 04:11:19","2014-12-02 04:11:19","1","192.168.1.139"
"272","Approval of extension request","4","2013-03-04","ICTA","2013_03_04_ICTA_approval_of_LIME_request_for_an_extension_1417516902.pdf",NULL,"U","0",,"21","N","Y","2014-12-02 04:11:42","2014-12-02 04:11:42","1","192.168.1.139"
"273","Request for extension","4","2013-02-27","LIME","2013_02_27_LIME_Letter_to_ICTA_Request_for_Extension_1417516926.pdf",NULL,"U","0",,"22","N","Y","2014-12-02 04:12:06","2014-12-02 04:12:06","1","192.168.1.139"
"274","Responses to ICTA interrogatories","4","2013-02-22","LIME","2013_02_22_LIME_ICTA_interrogatories_to_LIME_Attachment_1417516955.pdf",NULL,"U","0",,"23","N","Y","2014-12-02 04:12:35","2014-12-02 04:12:35","1","192.168.1.139"
"275","Interrogatories to Digicel","4","2013-02-14","ICTA","2013_02_14_ICTA_interrogatories_to_Digicel_1417516990.pdf",NULL,"U","0",,"24","N","Y","2014-12-02 04:13:10","2014-12-02 04:13:10","1","192.168.1.139"
"276","Interrogatories to LIME","4","2013-02-14","ICTA","2013_02_14_ICTA_interrogatories_to_LIME_redacted_1417517016.pdf",NULL,"U","0",,"25","N","Y","2014-12-02 04:13:36","2014-12-02 04:13:36","1","192.168.1.139"
"277","Interrogatories to Digicel","4","2013-02-14","LIME","2013_02_14_LIME_interrogatories_to_Digicel_1417517056.pdf",NULL,"U","0",,"26","N","Y","2014-12-02 04:14:16","2014-12-02 04:14:16","1","192.168.1.139"
"278","Interrogatories to LIME","4","2013-02-12","Digicel","2013_02_12_Digicel_Interrogatories_re_LIME_FLLRIC_model_1417517091.pdf",NULL,"U","0",,"27","N","Y","2014-12-02 04:14:51","2014-12-02 04:14:51","1","192.168.1.139"
"279","Next steps","4","2013-02-01","ICTA","2013_02_01_ICTA_next_steps_FTR_and_Transit_rate_proceeding_1417517116.pdf",NULL,"U","0",,"28","N","Y","2014-12-02 04:15:16","2014-12-02 04:15:16","1","192.168.1.139"
"280","Comments","4","2013-01-31","Digicel","2013_01_31_Digicel_re_Corrections_to_FLLRIC_model_1417517146.pdf",NULL,"U","0",,"29","N","Y","2014-12-02 04:15:46","2014-12-02 04:15:46","1","192.168.1.139"
"281","Attachment - Appendix III","4","2013-01-15","LIME","2013_01_15_LIME_Appendix_III_Fixed_Assets_Revaluation_Public_1417517182.xls",NULL,"U","0",,"30","N","Y","2014-12-02 04:16:22","2014-12-02 04:16:22","1","192.168.1.139"
"282","Attachment - Appendix IV","4","2013-01-15","LIME","2013_01_15_LIME_Appendix_IV_FAC-TD_Values_rev2_Public_1417517207.xls",NULL,"U","0",,"31","N","Y","2014-12-02 04:16:47","2014-12-02 04:16:47","1","192.168.1.139"
"283","Attachment - Appendix V","4","2013-01-15","LIME","2013_01_15_LIME_Appendix_V_TD_LRIC_Input_Public_1417517235.xls",NULL,"U","0",,"20","N","Y","2014-12-02 04:17:15","2014-12-02 04:17:15","1","192.168.1.139"
"284","Attachment - Fixed Module","4","2013-01-15","LIME","2013_01_15_LIME_CYM_fixed_Public_1417517261.xls",NULL,"U","0",,"19","N","Y","2014-12-02 04:17:41","2014-12-02 04:17:41","1","192.168.1.139"
"285","Covering Letter","4","2013-01-15","LIME","2013_01_15_LIME_ICTA_Letter_LIME_submission_1417517297.pdf",NULL,"U","0",,"8","N","Y","2014-12-02 04:18:17","2014-12-02 04:18:17","1","192.168.1.139"
"286","Attachment - Appendix III","4","2013-01-04","LIME","2013_01_04_LIME_Appendix_III_Fixed_Assets_Revaluation_Public_1417517358.xls",NULL,"U","0",,"9","N","Y","2014-12-02 04:19:18","2014-12-02 04:19:18","1","192.168.1.139"
"287","Attachment - Appendix IV","4","2013-01-04","LIME","2013_01_04_LIME_Appendix_IV_FAC_TD_Values_rev_Public_1417517390.xls",NULL,"U","0",,"10","N","Y","2014-12-02 04:19:50","2014-12-02 04:19:50","1","192.168.1.139"
"288","Attachment - Appendix V","4","2013-01-04","LIME","2013_01_04_LIME_Appendix_V_TD_LRIC_Input_Public_1417517414.xls",NULL,"U","0",,"11","N","Y","2014-12-02 04:20:14","2014-12-02 04:20:14","1","192.168.1.139"
"289","Attachment - Fixed Module`","4","2013-01-04","LIME","2013_01_04_LIME_CYM_fixed_Public_1417517441.xls",NULL,"U","0",,"12","N","Y","2014-12-02 04:20:41","2014-12-02 04:20:41","1","192.168.1.139"
"290","Covering Letter","4","2013-01-04","LIME","2013_01_04_LIME_submission_FTR_and_Transit_Rate_1417517461.pdf",NULL,"U","0",,"13","N","Y","2014-12-02 04:21:01","2014-12-02 04:21:01","1","192.168.1.139"
"291","Due dates for comments and reply comments","4","2014-09-09","ICTA","2014_09_09_ICTA_Final_steps_in_FTR_TR_proceeding_1417517976.pdf",NULL,"U","0",,"14","N","Y","2014-12-02 04:29:36","2014-12-02 04:29:36","1","192.168.1.139"
"292","Attachment - Appendix III","4","2014-08-15","LIME","2014_08_15_LIME_Appendix_III_Fixed_Assets_Revaluation_Public_1417518006.xls",NULL,"U","0",,"15","N","Y","2014-12-02 04:30:06","2014-12-02 04:30:06","1","192.168.1.139"
"293","Attachment - Appendix IV","4","2014-08-15","LIME","2014_08_15_LIME_Appendix_IV_FAC_TD_rev4_Public_1417518026.xls",NULL,"U","0",,"16","N","Y","2014-12-02 04:30:26","2014-12-02 04:30:26","1","192.168.1.139"
"294","Attachment - Appendix V","4","2014-08-15","LIME","2014_08_15_LIME_Appendix_V_TD_LRIC_Input_Public_1417518046.xls",NULL,"U","0",,"17","N","Y","2014-12-02 04:30:46","2014-12-02 04:30:46","1","192.168.1.139"
"295","Attachment - Fixed Module","4","2014-08-15","LIME","2014_08_15_LIME_Appendix_V_TD_LRIC_Input_Public_1417518068.xls",NULL,"U","0",,"18","N","Y","2014-12-02 04:31:08","2014-12-02 04:31:08","1","192.168.1.139"
"296","Responses to round 2 ICTA interrogatories - all responses","4","2014-08-15","LIME","2014_08_15_LIME_responses_to_ICTA_2nd_round_interrogs_1417518092.pdf",NULL,"U","0",,"32","N","Y","2014-12-02 04:31:32","2014-12-02 04:31:32","1","192.168.1.139"
"297","Attachment - response to round 2 ICTA interrogatory 14","4","2014-07-31","LIME","2014_07_31_LIME_Attachment_response_ICTA_interrog_14_1417518137.pdf",NULL,"U","0",,"33","N","Y","2014-12-02 04:32:17","2014-12-02 04:32:17","1","192.168.1.139"
"298","Attachment - response to round 2 ICTA interrogatory 46","4","2014-07-31","LIME","2014_07_31_LIME_Attachment_response_ICTA_interrog_46_1417518157.pdf",NULL,"U","0",,"34","N","Y","2014-12-02 04:32:37","2014-12-02 04:32:37","1","192.168.1.139"
"299","Attachment - response to round 2 ICTA interrogatory 47","4","2014-07-31","LIME","2014_07_31_LIME_Attachment_response_ICTA_interrog_47_1417518183.pdf",NULL,"U","0",,"48","N","Y","2014-12-02 04:33:03","2014-12-02 04:33:03","1","192.168.1.139"
"300","Responses to round 2 ICTA interrogatories","4","2014-07-31","LIME","2014_07_31_LIME_responses_to_ICTAinterrogatories_Public_1417518216.pdf",NULL,"U","0",,"49","N","Y","2014-12-02 04:33:37","2014-12-02 04:33:37","1","192.168.1.139"
"301","Responses to ICTA interrogatories","4","2014-05-23","Digicel","2014_05_23_Digicel_Response_to_ICTA_Interrogatories_1417518246.pdf",NULL,"U","0",,"50","N","Y","2014-12-02 04:34:06","2014-12-02 04:34:06","1","192.168.1.139"
"302","Redacted version of round 2 ICTA interrogatories","4","2014-05-02","LIME","2014_05_02_LIME_ICTA_interrogatories_redacted_1417518271.pdf",NULL,"U","0",,"51","N","Y","2014-12-02 04:34:31","2014-12-02 04:34:31","1","192.168.1.139"
"303","Interrogatories to Digicel","4","2014-05-17","ICTA","2014_04_17_ICTA_second_round_interrogatories_to_Digicel_1417518310.pdf",NULL,"U","0",,"52","N","Y","2014-12-02 04:35:10","2014-12-02 04:35:10","1","192.168.1.139"
"304","Round 2 interrogatories to LIME","4","2014-05-17","ICTA","2014_04_17_ICTA_second_round_interrogatories_to_LIME_1417518358.pdf",NULL,"U","0",,"53","N","Y","2014-12-02 04:35:58","2014-12-02 04:35:58","1","192.168.1.139"
"305","Responses to information disclosure","4","2014-02-06","LIME","2014_02_06_LIME_response_to_ICTA_Info_Disclosure_1417518377.pdf",NULL,"U","0",,"54","N","Y","2014-12-02 04:36:17","2014-12-02 04:36:17","1","192.168.1.139"
"306","Disclosure Determination","4","2014-01-23","ICTA","2014_01_23_ICTA_disclosure_determination_1417518404.pdf",NULL,"U","0",,"55","N","Y","2014-12-02 04:36:44","2014-12-02 04:36:44","1","192.168.1.139"
"307","ICT DECISION 2005-1 LOCAL NUMBER PORTABILITY","5","2005-03-29","ICTA","LNPdecision2005-1Final_1417518703.pdf",NULL,"U","0",,"56","N","Y","2014-12-02 04:41:43","2014-12-02 04:41:43","1","192.168.1.139"
"308","Response to Public Consultation","5","2004-12-23","Digicel","DigicelSubmissionNumberPortability_1417518767.pdf",NULL,"U","0",,"57","N","Y","2014-12-02 04:42:47","2014-12-02 04:42:47","1","192.168.1.139"
"309","Compendium of Comments from General Public","5","2004-12-10","Various","CommentsfromGenPublic_1417518809.pdf",NULL,"U","0",,"58","N","Y","2014-12-02 04:43:29","2014-12-02 04:43:29","1","192.168.1.139"
"310","Response to Chanmber of Commerce","5","2004-12-08","ICTA","ResponsetoChamber_1417518841.pdf",NULL,"U","0",,"47","N","Y","2014-12-02 04:44:01","2014-12-02 04:44:01","1","192.168.1.139"
"311","Response to Public Consultation","5","2004-12-03","C&W","CWCommentsLNPConsultPaperfinal_l_1417518904.doc",NULL,"U","0",,"46","N","Y","2014-12-02 04:45:04","2014-12-02 04:45:04","1","192.168.1.139"
"312","Request for an Extension to Public Consultation","5","2004-12-03","Chamber Of Commerce","ChamberofCommerceExtensionRequest_1417518948.pdf",NULL,"U","0",,"35","N","Y","2014-12-02 04:45:48","2014-12-02 04:45:48","1","192.168.1.139"
"313","Response to Public Consultation","5","2004-09-30","WestTel","WestTelICTA-LNP_1417519001.doc",NULL,"U","0",,"36","N","Y","2014-12-02 04:46:41","2014-12-02 04:46:41","1","192.168.1.139"
"314","Response to Public Consultation","5","2004-09-30","Wireless Ventures","WVCILLNPComments93004_1417519097.pdf",NULL,"U","0",,"37","N","Y","2014-12-02 04:48:17","2014-12-02 04:48:17","1","192.168.1.139"
"315","Response to Public Consultation","5","2004-09-29","WestStar","WestStarResponse_1417519132.pdf",NULL,"U","0",,"38","N","Y","2014-12-02 04:48:52","2014-12-02 04:48:52","1","192.168.1.139"
"316","CD 2004-3 PUBLIC CONSULTATION ON LNP","5","2004-08-30","ICTA","CD20042-LNP_1417519574.pdf",NULL,"U","0",,"39","N","Y","2014-12-02 04:56:14","2014-12-02 04:56:14","1","192.168.1.139"
"317","Submission on LNP","5","2004-02-13","Telecayman","TeleCaymanResponse_1417519617.pdf",NULL,"U","0",,"40","N","Y","2014-12-02 04:56:57","2014-12-02 04:56:57","1","192.168.1.139"
"318","ICT DECISION 2008-5 LOCAL NUMBER PORTABILITY","5","2008-12-18","ICTA","ICT_Decision_2008-5_LNP_1417519789.pdf",NULL,"U","0",,"41","N","Y","2014-12-02 04:59:49","2014-12-02 04:59:49","1","192.168.1.139"
"319","Response to Second Round Public Consultation","5","2008-09-11","WestTel","2008_09_11_WestTel_Comments_1417519828.pdf",NULL,"U","0",,"42","N","Y","2014-12-02 05:00:28","2014-12-02 05:00:28","1","192.168.1.139"
"320","Ninety Form Letters","5","2008-09-08","Telecayman","LNP_Form_Letters_1417519856.pdf",NULL,"U","0",,"43","N","Y","2014-12-02 05:00:56","2014-12-02 05:00:56","1","192.168.1.139"
"321","Further Comments on LNP","5","2008-09-08","Ritz-Carlton","2008_09_08_Ritz_1417519905.pdf",NULL,"U","0",,"44","N","Y","2014-12-02 05:01:45","2014-12-02 05:01:45","1","192.168.1.139"
"322","Response to Second Round Public Consultation","5","2008-09-08","Telecayman","2008_09_08_TCL_Second_Comments_1417519936.pdf",NULL,"U","0",,"45","N","Y","2014-12-02 05:02:16","2014-12-02 05:02:16","1","192.168.1.139"
"323","Response to Second Round Public Consultation","5","2008-09-08","C&W","2008_09_08_CW_reply_comments_1417519964.pdf",NULL,"U","0",,"59","N","Y","2014-12-02 05:02:44","2014-12-02 05:02:44","1","192.168.1.139"
"324","Response to Second Round Public Consultation","5","2008-09-05","AL Thompson","2008_09_05_AL_Thompson_1417520005.pdf",NULL,"U","0",,"168","N","Y","2014-12-02 05:03:25","2014-12-02 05:03:25","1","192.168.1.139"
"325","Response to Second Round Public Consultation","5","2008-09-05","Mr F Spiers","2008_09_05_Spiers_1417520052.pdf",NULL,"U","0",,"182","N","Y","2014-12-02 05:04:12","2014-12-02 05:04:12","1","192.168.1.139"
"326","CALL FOR SECOND ROUND OF COMMENTS","5","2008-07-22","ICTA","2008_07_22_ICTA_Second_Round_Process_1417520081.pdf",NULL,"U","0",,"183","N","Y","2014-12-02 05:04:41","2014-12-02 05:04:41","1","192.168.1.139"
"327","Response to Public Consultation","5","2008-06-27","Digicel","2008_06_27_Digicel_redacted_1417520117.pdf",NULL,"U","0",,"184","N","Y","2014-12-02 05:05:17","2014-12-02 05:05:17","1","192.168.1.139"
"328","Response to Public Consultation","5","2008-06-27","C&W","2008_06_27_CW_1417520145.pdf",NULL,"U","0",,"185","N","Y","2014-12-02 05:05:45","2014-12-02 05:05:45","1","192.168.1.139"
"329","Response to Public Consultation","5","2008-06-27","Blue Sky Wireless","2008_06_27_BSW_1417520177.pdf",NULL,"U","0",,"186","N","Y","2014-12-02 05:06:17","2014-12-02 05:06:17","1","192.168.1.139"
"330","Response to Public Consultation","5","2008-06-06","N & MA Cox","2008_06_06_Neil_Mary_Anne_Cox_1417520232.pdf",NULL,"U","0",,"187","N","Y","2014-12-02 05:07:12","2014-12-02 05:07:12","1","192.168.1.139"
"331","Response to Public Consultation","5","2008-06-03","Darrin Enns","2008_06_03_Darren_Enns_1417520267.pdf",NULL,"U","0",,"188","N","Y","2014-12-02 05:07:47","2014-12-02 05:07:47","1","192.168.1.139"
"332","Response to Public Consultation","5","2008-05-30","Hurleys","2008_05_30_Hurleys_1417520299.pdf",NULL,"U","0",,"189","N","Y","2014-12-02 05:08:19","2014-12-02 05:08:19","1","192.168.1.139"
"333","Response to Public Consultation","5","2008-05-29","Telecayman","2008_05_29_TeleCayman_1417520332.pdf",NULL,"U","0",,"190","N","Y","2014-12-02 05:08:52","2014-12-02 05:08:52","1","192.168.1.139"
"334","Response to Public Consultation","5","2008-05-28","Century21","2008_05_28_Century21_1417520365.pdf",NULL,"U","0",,"191","N","Y","2014-12-02 05:09:25","2014-12-02 05:09:25","1","192.168.1.139"
"335","Response to Public Consultation","5","2008-05-23","Fortis","2008_05_23_Fortis_1417520398.pdf",NULL,"U","0",,"192","N","Y","2014-12-02 05:09:58","2014-12-02 05:09:58","1","192.168.1.139"
"336","Response to Public Consultation","5","2008-05-13","Ritz-Carlton","2008_05_13_Ritz_Carlton_1417520440.pdf",NULL,"U","0",,"181","N","Y","2014-12-02 05:10:40","2014-12-02 05:10:40","1","192.168.1.139"
"337","CD 2008-1 SECOND PUBLIC CONSULATION ON LNP","5","2008-04-21","ICTA","CD_2008-1LNP_1417520488.pdf",NULL,"U","0",,"180","N","Y","2014-12-02 05:11:28","2014-12-02 05:11:28","1","192.168.1.139"
"338","E-mail to LNP Working Group re status report of LNP implementation","5","2009-10-13","ICTA","2009_10_13E-mailfromICTAtoLNPWorkingGrouprestatusreportofLNPimplementation_1417520731.pdf",NULL,"U","0",,"169","N","Y","2014-12-02 05:15:31","2014-12-02 05:15:31","1","192.168.1.139"
"339","E-mail to ICTA re status report of LNP implementation","5","2009-08-03","LNP Work Group","2009_08_03E-mailfromLNPWorkingGrouptoICTArestatusreportofLNPimplementation_1417520785.pdf",NULL,"U","0",,"170","N","Y","2014-12-02 05:16:25","2014-12-02 05:16:25","1","192.168.1.139"
"340","Request for extension of deadline to file additional information","5","2009-06-30","LNP Work Group","2009_07_15LetterfromLNPWorkingGrouptoICTAreextensionofdeadlinetofileadditionalinformation_1417520890.pdf",NULL,"U","0",,"171","N","Y","2014-12-02 05:18:10","2014-12-02 05:18:10","1","192.168.1.139"
"341","Letter from ICTA to LNP Working Group","5","2009-06-17","ICTA","2009_06_17LetterfromICTAtoLNPWorkingGroup_1417520918.pdf",NULL,"U","0",,"172","N","Y","2014-12-02 05:18:38","2014-12-02 05:18:38","1","192.168.1.139"
"342","Additional Comments on the Working Group Report","5","2009-06-11","LIME","2009_06_11AdditionalCommentsfromLIMEontheReportoftheWorkingGroupMeeting_1417520951.pdf",NULL,"U","0",,"173","N","Y","2014-12-02 05:19:11","2014-12-02 05:19:11","1","192.168.1.139"
"343","Report of the LNP Working Group","5","2009-06-10","LNP Work Group","2009_06_10ReportoftheWorkingGroupMeeting_1417521003.pdf",NULL,"U","0",,"174","N","Y","2014-12-02 05:20:03","2014-12-02 05:20:03","1","192.168.1.139"
"344","E-mail to Licensees re first meeting of LNP Working Group","5","2009-02-19","ICTA","2009_01_19E-mailfromICTAtoLicenseesrefirstmeetingofLNPConsortium_1417521054.pdf",NULL,"U","0",,"175","N","Y","2014-12-02 05:20:54","2014-12-02 05:20:54","1","192.168.1.139"
"345","ICT DECISION 2009-1 ON RECONSIDERATION REQUEST","5","2009-02-09","ICTA","ICTDecision2009-1ReconsiderationofLNPDecision2008-5_1417521094.pdf",NULL,"U","0",,"176","N","Y","2014-12-02 05:21:34","2014-12-02 05:21:34","1","192.168.1.139"
"346","Comments on Reconsideration Request","5","2009-01-23","WestTel","2009_01_23_WestTel_reconsideration_response_1417521176.pdf",NULL,"U","0",,"177","N","Y","2014-12-02 05:22:15","2014-12-02 05:22:56","1","192.168.1.139"
"347","Comments on Reconsideration Request","5","2009-01-23","LIME","2009_01_23_Lime_reconsideration_response_1417521202.pdf",NULL,"U","0",,"178","N","Y","2014-12-02 05:23:22","2014-12-02 05:23:22","1","192.168.1.139"
"348","Comments on Reconsideration Request","5","2009-01-22","Telecayman","2009_01_22_Telecayman_reconsideration_response_1417521233.pdf",NULL,"U","0",,"179","N","Y","2014-12-02 05:23:53","2014-12-02 05:23:53","1","192.168.1.139"
"349","Call for comments on Reconsideration Request","5","2009-01-15","ICTA","2009_01_15CallforCommentsonDigicelReconsiderationApplication_1417521267.doc",NULL,"U","0",,"193","N","Y","2014-12-02 05:24:27","2014-12-02 05:33:23","1","192.168.1.139"
"351","Request for Reconsideration of ICT Decision 2008-5","5","2009-01-12","Digicel","09.01.12_LtrtoICTArenumberportabilityreconsideration_1417521881.pdf",NULL,"U","0",,"194","N","Y","2014-12-02 05:34:41","2014-12-02 05:34:41","1","192.168.1.139"
"352","ICT Decision 2012-3 LNP Rules","5","2012-08-23","ICTA","ICTA_Decision_2012-3_1417522157.pdf",NULL,"U","0",,"195","N","Y","2014-12-02 05:39:17","2014-12-02 05:39:17","1","192.168.1.139"
"353","LNP Rules Response","5","2012-05-04","LIME","2012_05_04_LIME_response_1417522191.pdf",NULL,"U","0",,"209","N","Y","2014-12-02 05:39:51","2014-12-02 05:39:51","1","192.168.1.139"
"354","LNP Rules Timetable Extension Decision","5","2012-04-27","ICTA","2012_04_27_ICTA_timetable_extension_decision_1417522227.pdf",NULL,"U","0",,"210","N","Y","2014-12-02 05:40:27","2014-12-02 05:40:27","1","192.168.1.139"
"355","LNP Rules Timetable Extension Request","5","2012-04-26","LIME","2012_01_26_LNP_Routing_Numbers_Digicel_response_1417522260.pdf",NULL,"U","0",,"211","N","Y","2014-12-02 05:41:00","2014-12-02 05:41:00","1","192.168.1.139"
"356","Decision 2012-1 Routing Numbers","5","2012-02-07","ICTA","ICT_Decision_2012-1_Routing_Numbers_1417522531.pdf",NULL,"U","0",,"212","N","Y","2014-12-02 05:45:31","2014-12-02 05:45:31","1","192.168.1.139"
"357","LNP Commencement Date","5","2012-01-27","ICTA","2012_01_27_LNP_Commencement_Date_1417522566.pdf",NULL,"U","0",,"213","N","Y","2014-12-02 05:46:06","2014-12-02 05:46:06","1","192.168.1.139"
"358","Response to Routing Numbers","5","2012-01-26","Digicel","2012_01_26_LNP_Routing_Numbers_Digicel_response_1417522611.pdf",NULL,"U","0",,"214","N","Y","2014-12-02 05:46:51","2014-12-02 05:46:51","1","192.168.1.139"
"359","Response to Routing Numbers","5","2012-01-24","Logic","2012_01_24_Logic_letter_to_ICTA_re_response_to_determination_request_1417522649.pdf",NULL,"U","0",,"215","N","Y","2014-12-02 05:47:29","2014-12-02 05:47:29","1","192.168.1.139"
"360","Response to Routing Numbers","5","2012-01-18","Telecayman","2012_01_18_TeleCayman_response_to_ICTA_re_routing_number_determination_request_1417522705.pdf",NULL,"U","0",,"216","N","Y","2014-12-02 05:48:25","2014-12-02 06:23:24","1","192.168.1.139"
"361","Routing Numbers Determination Timetable","5","2012-01-17","ICTA","2012_01_17_ICTA_email_re_Routing_Numbers_determination_timetable_1417522749.pdf",NULL,"U","0",,"217","N","Y","2014-12-02 05:49:09","2014-12-02 05:49:09","1","192.168.1.139"
"362","Routing Numbers Determination Request","5","2012-01-13","LIME","2012_01_11_LIME_Routing_Numbers_determination_request_1417522832.pdf",NULL,"U","0",,"218","N","Y","2014-12-02 05:50:32","2014-12-02 05:50:32","1","192.168.1.139"
"363","ICT Decision 2011-4 SMS Connectivity","5","2011-12-23","ICTA","Decision_2011-4_SMS_Connectivity_1417523279.pdf",NULL,"U","0",,"219","N","Y","2014-12-02 05:57:59","2014-12-02 05:57:59","1","192.168.1.139"
"364","Digicel Reply to LIME Response","5","2011-12-21","Digicel","2011_12_21_Digicel_letter_in_Reply_toLNP_SMS_Protocol_dispute_1417523303.pdf",NULL,"U","0",,"208","N","Y","2014-12-02 05:58:23","2014-12-02 05:58:23","1","192.168.1.139"
"365","Digicel Response to SMS Connectivity","5","2011-12-19","Digicel","2011_12_19_Digicel_letter_to_ICTA_re_response_to_LNP_SMS_Protocol_1417523333.pdf",NULL,"U","0",,"207","N","Y","2014-12-02 05:58:53","2014-12-02 05:58:53","1","192.168.1.139"
"366","LIME Response to SMS Connectivity","5","2011-12-19","LIME","2011_12_19_LIME_letter_to_ICTA_re_response_to_LNP_SMS_Protocol_redacted_1417523359.pdf",NULL,"U","0",,"196","N","Y","2014-12-02 05:59:19","2014-12-02 05:59:19","1","192.168.1.139"
"367","Letter to Digicel re: Routing Numbers after LNP Launch","5","2011-12-13","LIME","11_12_13LIMElettertoDigicelreRNsafterLNPlaunch_1417523406.pdf",NULL,"U","0",,"197","N","Y","2014-12-02 06:00:06","2014-12-02 06:00:06","1","192.168.1.139"
"368","Response for an Extension to SMS Connectivity","5","2011-12-08","ICTA","2011_12_08_ICTA_email_to_Digicel_and_LIME_re_submission_deadline_extension_1417523429.pdf",NULL,"U","0",,"198","N","Y","2014-12-02 06:00:29","2014-12-02 06:00:29","1","192.168.1.139"
"369","Request for time extension","5","2011-12-07","Digicel","2011_12_07_Digicel_email_to_ICTA_re_time_extension_re_SMS_connectivity_dispute_1417523453.pdf",NULL,"U","0",,"199","N","Y","2014-12-02 06:00:53","2014-12-02 06:00:53","1","192.168.1.139"
"370","ICT letter to Digicel and LIME re SMS Connectivity","5","2011-12-06","ICTA","2011_12_06_ICTA_letter_to_Digicel_and_LIME_re_SMS_connectivity_1417523476.pdf",NULL,"U","0",,"200","N","Y","2014-12-02 06:01:16","2014-12-02 06:01:16","1","192.168.1.139"
"371","Letter to Other Licensed Operators re: Routing Numbers","5","2011-12-02","LIME","11_12_02LIMElettertoOLOsreRNsafterLNPlaunch_1417523504.pdf",NULL,"U","0",,"201","N","Y","2014-12-02 06:01:44","2014-12-02 06:01:44","1","192.168.1.139"
"372","LNP Consortium Go Live date Agreement","5","2011-08-30","LNP Consortium","2011_08_30_Go_Live_date_agreement_1417523541.pdf",NULL,"U","0",,"202","N","Y","2014-12-02 06:02:21","2014-12-02 06:02:21","1","192.168.1.139"
"373","Refusal of Consortium Reconsideration Request","5","2011-07-21","ICTA","2011_07_21_ICTA_letter_to_LNP_Consortium_re_reconsideration_request_1417523601.pdf",NULL,"U","0",,"203","N","Y","2014-12-02 06:03:21","2014-12-02 06:03:21","1","192.168.1.139"
"374","Refusal of LIME Reconsideration Request","5","2011-07-21","ICTA","2011_07_21_ICTA_letter_to_LIME_re-reconsideration_request_1417523647.pdf",NULL,"U","0",,"204","N","Y","2014-12-02 06:04:07","2014-12-02 06:04:07","1","192.168.1.139"
"375","Second response to ICTA questions","5","2011-07-21","Digicel","2011_07_21_Digicel_letter_to_ICTA_re_LNP_extension_request_second_response_to_questions_1417523681.pdf",NULL,"U","0",,"205","N","Y","2014-12-02 06:04:41","2014-12-02 06:04:41","1","192.168.1.139"
"376","Response to ICTA questions","5","2011-07-20","Digicel","2011_07_20_Digicel_letter_to_ICTA_re_LNP_extension_request_response_to_questions_1417523709.pdf",NULL,"U","0",,"206","N","Y","2014-12-02 06:05:09","2014-12-02 06:05:09","1","192.168.1.139"
"377","Response to Digicel letter","5","2011-07-19","LIME","2011_07_19_LIME_response_to_Digicel_letter_1417523745.pdf",NULL,"U","0",,"220","N","Y","2014-12-02 06:05:45","2014-12-02 06:05:45","1","192.168.1.139"
"378","Questions to Digicel","5","2011-07-13","ICTA","2011_07_13_ICTA_questions_to_Digicel_1417523773.pdf",NULL,"U","0",,"167","N","Y","2014-12-02 06:06:13","2014-12-02 06:06:13","1","192.168.1.139"
"379","Response to ICTA letter (redacted)","5","2011-07-06","Digicel","2011_07_06_Digicel_redacted_response_1417523802.pdf",NULL,"U","0",,"284","N","Y","2014-12-02 06:06:42","2014-12-02 06:06:42","1","192.168.1.139"
"380","Reply to LNP Consortium","5","2011-06-30","ICTA","2011_06_30_ICTA_extension_response_deadline_1417523835.pdf",NULL,"U","0",,"114","N","Y","2014-12-02 06:07:15","2014-12-02 06:07:15","1","192.168.1.139"
"381","Response to ICTA letter","5","2011-06-30","LIME","2011_06_30_LIME_response_1417523860.pdf",NULL,"U","0",,"128","N","Y","2014-12-02 06:07:40","2014-12-02 06:07:40","1","192.168.1.139"
"382","LNP Consortium reply to ICTA","5","2011-06-30","LNP Consortium","2011_06_30_LNPCo_response_1417523908.pdf",NULL,"U","0",,"129","N","Y","2014-12-02 06:08:28","2014-12-02 06:08:28","1","192.168.1.139"
"383","Response to ICTA letter","5","2011-06-30","Logic","2011_06_30_Logic_response_1417523937.pdf",NULL,"U","0",,"130","N","Y","2014-12-02 06:08:57","2014-12-02 06:08:57","1","192.168.1.139"
"384","Response to ICTA letter","5","2011-06-29","Telecayman","2011_06_29_TeleCayman_response_1417523961.pdf",NULL,"U","0",,"131","N","Y","2014-12-02 06:09:21","2014-12-02 06:09:21","1","192.168.1.139"
"385","Decision on extension request","5","2011-06-24","ICTA","2011_06_24_ICTA_response_to_request_for_deadline_extension_1417523990.pdf",NULL,"U","0",,"132","N","Y","2014-12-02 06:09:50","2014-12-02 06:09:50","1","192.168.1.139"
"386","Request for extension","5","2011-06-15","LNP Consortium","2011_06_15_LNPCo_requesting_deadline_extension_1417524020.pdf",NULL,"U","0",,"133","N","Y","2014-12-02 06:10:20","2014-12-02 06:10:20","1","192.168.1.139"
"387","ICT DECISION 2011-1 MANDATE OF LNP CONSORTIUM","5","2011-03-24","ICTA","2011_03_24_ICTA_Decision_2011-1_Mandate_of_LNP_Consortium_1417524055.pdf",NULL,"U","0",,"134","N","Y","2014-12-02 06:10:55","2015-12-08 10:32:40","1","108.61.27.139"
"388","Reply comments on determination request","5","2011-03-14","LIME","2011_03_14_LIME_re_mandate_of_LNP_Consortium_1417524088.pdf",NULL,"U","0",,"135","N","Y","2014-12-02 06:11:28","2014-12-02 06:11:28","1","192.168.1.139"
"389","Comments on Determination Request","5","2011-03-11","Digicel","2011_03_11_Digicel_Ltr_to_ICTA_re_Post_Consortium_Comments_1417524121.pdf",NULL,"U","0",,"136","N","Y","2014-12-02 06:12:01","2014-12-02 06:12:01","1","192.168.1.139"
"390","Comments on Determination Request","5","2011-03-07","Logic","2011_03_07_Logic_Post_LNP_Consortium_Status_20110307_1417524162.pdf",NULL,"U","0",,"137","N","Y","2014-12-02 06:12:42","2014-12-02 06:12:42","1","192.168.1.139"
"391","Comments on Determination Request","5","2011-03-04","Telecayman","2011_03_07_Logic_Post_LNP_Consortium_Status_20110307_1417524205.pdf",NULL,"U","0",,"138","N","Y","2014-12-02 06:13:25","2014-12-02 06:13:25","1","192.168.1.139"
"392","Approval of extension request","5","2011-03-04","ICTA","2011_03_04_ICTA_Revised_due_dates_for_comments_on_mandate_of_LNP_Consortium_1417524247.pdf",NULL,"U","0",,"127","N","Y","2014-12-02 06:14:07","2014-12-02 06:19:12","1","192.168.1.139"
"393","Request for extension","5","2011-03-04","Digicel","2011_03_04_Digicel_Ltr_to_ICTA_re_Legal_Status_of_LNP_Consortium_1417524289.pdf",NULL,"U","0",,"126","N","Y","2014-12-02 06:14:49","2014-12-02 06:19:37","1","192.168.1.139"
"394","Call for comments","5","2011-03-01","ICTA","2011_03_01_ICTA_Call_for_comments_on_mandate_of_LNP_Consortium_1417524352.pdf",NULL,"U","0",,"115","N","Y","2014-12-02 06:15:52","2014-12-02 06:20:01","1","192.168.1.139"
"395","Request for Determination of LNP Consortium Mandate","5","2011-03-01","LIME","2011_03_01_LIME_Request_Mandate_of_LNP_Consortium_1417524402.pdf",NULL,"U","0",,"116","N","Y","2014-12-02 06:16:42","2014-12-02 06:20:17","1","192.168.1.139"
"396","Approval to extend implementation until 1 July 2011","5","2010-12-01","ICTA","2010_12_01LetterfromICTAtoLNPWorkingGroup_1417525472.pdf",NULL,"U","0",,"117","N","Y","2014-12-02 06:34:32","2014-12-02 06:34:32","1","192.168.1.139"
"397","Request for extension of implementation deadline","5","2010-11-23","LNP Work Group","2010_11_23Requestforextensionofimplementationdeadline_1417525528.pdf",NULL,"U","0",,"118","N","Y","2014-12-02 06:35:28","2014-12-02 06:35:28","1","192.168.1.139"
"398","Update on LIME LNP progress (redacted)","5","2010-11-16","LIME","10_11_16ICTALetter_UpdateonLIMENPprogress-FINALredacted_1417525560.pdf",NULL,"U","0",,"119","N","Y","2014-12-02 06:36:00","2014-12-02 06:36:00","1","192.168.1.139"
"399","ICT DECISION 2010-11 RECONSIDERATION OF DECISION 2010-9","5","2010-10-29","ICTA","ICTDecision2010-11ReconsiderationofLNPVotingRightsDecision_1417525658.pdf",NULL,"U","0",,"120","N","Y","2014-12-02 06:37:38","2014-12-02 06:37:38","1","192.168.1.139"
"400","Comments on reconsideration request","5","2010-10-25","Digicel","2010_10_25_DigicelReplyComments_1417525689.pdf",NULL,"U","0",,"121","N","Y","2014-12-02 06:38:09","2014-12-02 06:38:09","1","192.168.1.139"
"401","Call for Comments on Reconsideration of ICT Decision 2010-9","5","2010-10-20","ICTA","2010_10_20CallforCommentsonReconsiderationofICTDecision2010-9_1417525712.pdf",NULL,"U","0",,"122","N","Y","2014-12-02 06:38:32","2014-12-02 06:38:32","1","192.168.1.139"
"402","Request for Reconsideration of ICT Decision 2010-9","5","2010-10-19","LIME","2010_10_19LIMErequestforreconofICTDecision2010-09_1417525735.pdf",NULL,"U","0",,"123","N","Y","2014-12-02 06:38:55","2014-12-02 06:38:55","1","192.168.1.139"
"403","ICT DECISION 2010-10 ON LNP VENDOR SELECTION","5","2010-10-15","ICTA","ICTA_Decision_2010-10_LNP_Vendor_1417525773.pdf",NULL,"U","0",,"124","N","Y","2014-12-02 06:39:33","2014-12-02 06:39:33","1","192.168.1.139"
"404","ICT DECISION 2010-9 LNP CONSORTIUM VOTING RIGHTS","5","2010-10-01","ICTA","ICTA_Decision_2010-9_LNP_Voting_Rights_final_1417525798.pdf",NULL,"U","0",,"125","N","Y","2014-12-02 06:39:58","2014-12-02 06:39:58","1","192.168.1.139"
"405","Response to request for clarifications","5","2010-09-27","Digicel","2010_09_27Digicelclarifications_1417525852.pdf",NULL,"U","0",,"139","N","Y","2014-12-02 06:40:52","2014-12-02 06:40:52","1","192.168.1.139"
"406","Clarifications and reply comments","5","2010-09-10","LIME","2010_09_10LIMEclarificationsandreplycomments_1417525883.pdf",NULL,"U","0",,"140","N","Y","2014-12-02 06:41:23","2014-12-02 06:41:23","1","192.168.1.139"
"407","Response to request for clarifications","5","2010-09-10","WestTel","2010_09_10WestTelclarifications_1417525917.pdf",NULL,"U","0",,"141","N","Y","2014-12-02 06:41:57","2014-12-02 06:41:57","1","192.168.1.139"
"408","Response to request for clarifications","5","2010-09-10","Telecayman","2010_09_10TeleCaymanclarifications_1417525950.pdf",NULL,"U","0",,"155","N","Y","2014-12-02 06:42:30","2014-12-02 06:42:30","1","192.168.1.139"
"409","Reply comments on Voting Rights","5","2010-09-10","Digicel","2010_09_10Digicelreplycomments_1417525987.pdf",NULL,"U","0",,"156","N","Y","2014-12-02 06:43:07","2014-12-02 06:43:07","1","192.168.1.139"
"410","Request for clarifications re: Voting Rights","5","2010-09-08","ICTA","2010_09_08ICTARequestforclarifications_1417526025.pdf",NULL,"U","0",,"157","N","Y","2014-12-02 06:43:45","2014-12-02 06:43:45","1","192.168.1.139"
"411","Submission on LNP Consortium Voting Rights","5","2010-09-06","Telecayman","2010_09_06TeleCaymansubmission_1417526055.pdf",NULL,"U","0",,"158","N","Y","2014-12-02 06:44:15","2014-12-02 06:44:15","1","192.168.1.139"
"412","Submission on LNP Consortium Voting Rights","5","2010-09-03","WestTel","2010_09_03WestTelsubmission_1417526082.pdf",NULL,"U","0",,"159","N","Y","2014-12-02 06:44:42","2014-12-02 06:44:42","1","192.168.1.139"
"413","Submission on LNP Consortium Voting Rights","5","2010-09-03","LIME","2010_09_03LIMEsubmission_1417526103.pdf",NULL,"U","0",,"160","N","Y","2014-12-02 06:45:03","2014-12-02 06:45:03","1","192.168.1.139"
"414","Submission on LNP Consortium Voting Rights","5","2010-09-03","Digicel","2010_09_03Digicelsubmission_1417526126.pdf",NULL,"U","0",,"161","N","Y","2014-12-02 06:45:26","2014-12-02 06:45:26","1","192.168.1.139"
"415","ICT DECISION 2010-8 LNP COST SHARING","5","2010-07-19","ICTA","2010_07_19_ICTA_Decision_2010-8_LNP_Cost_Sharing_1417526160.pdf",NULL,"U","0",,"162","N","Y","2014-12-02 06:46:00","2014-12-02 06:46:00","1","192.168.1.139"
"416","Response to request for clarifications","5","2010-07-08","Digicel","2010_07_08-E-mailfromDigicelrespondingtoICTArequestforclarifications_1417526187.pdf",NULL,"U","0",,"163","N","Y","2014-12-02 06:46:27","2014-12-02 06:46:27","1","192.168.1.139"
"417","Response to request for clarifications","5","2010-07-07","Telecayman","2010_07_07-E-mailfromTeleCaymanrespondingtoICTArequestforclarifications_1417526223.pdf",NULL,"U","0",,"164","N","Y","2014-12-02 06:47:03","2014-12-02 06:47:03","1","192.168.1.139"
"418","Response to request for clarifications","5","2010-07-07","LIME","2010_07_07-E-mailfromLIMErespondingtoICTArequestforclarifications_1417526252.pdf",NULL,"U","0",,"165","N","Y","2014-12-02 06:47:32","2014-12-02 06:47:32","1","192.168.1.139"
"419","Response to request for clarifications","5","2010-07-07","Telecayman","2010_07_07-E-mailfromWestTelrespondingtoICTArequestforclarifications_1417526277.pdf",NULL,"U","0",,"154","N","Y","2014-12-02 06:47:57","2014-12-02 06:47:57","1","192.168.1.139"
"420","Request for clarifications re Cost Submissions","5","2010-07-07","ICTA","2010_07_07E-mailfromICTArequestingclarifications_1417526306.pdf",NULL,"U","0",,"153","N","Y","2014-12-02 06:48:26","2014-12-02 06:48:26","1","192.168.1.139"
"421","Submission on cost-sharing","5","2010-07-01","WestTel","2010_07_01-WestTelsubmissiononcost-sharing_1417526603.pdf",NULL,"U","0",,"142","N","Y","2014-12-02 06:53:23","2014-12-02 06:53:23","1","192.168.1.139"
"422","Submission on cost-sharing","5","2010-07-01","Telecayman","2010_07_01-TeleCaymansubmissiononcost-sharing_1417526638.pdf",NULL,"U","0",,"143","N","Y","2014-12-02 06:53:58","2014-12-02 06:53:58","1","192.168.1.139"
"423","Submission on cost-sharing","5","2010-07-01","LIME","2010_07_01-LIMEsubmissiononcost-sharing_1417526659.pdf",NULL,"U","0",,"144","N","Y","2014-12-02 06:54:19","2014-12-02 06:54:19","1","192.168.1.139"
"424","Submission on cost-sharing","5","2010-07-01","Digicel","2010_07_01-Digicelsubmissiononcost-sharing_1417526683.pdf",NULL,"U","0",,"145","N","Y","2014-12-02 06:54:43","2014-12-02 06:54:43","1","192.168.1.139"
"425","Email extending LNP implementation deadline","5","2010-05-14","ICTA","2010_05_14EmailfromICTAextendingLNPimplementationdeadline_1417526713.pdf",NULL,"U","0",,"146","N","Y","2014-12-02 06:55:13","2014-12-02 06:55:13","1","192.168.1.139"
"426","Report of LNP Working Group (Redacted)","5","2010-05-14","LNP Work Group","2010_05_14ReportofLNPWorkingGroupREDACTEDVERSION_1417526738.pdf",NULL,"U","0",,"147","N","Y","2014-12-02 06:55:38","2014-12-16 02:57:04","1","27.54.170.98"
"427","Request for extension of implementation deadline (Digicel version)","5","2010-05-04","Digicel","2010_05_04ReportofLNPWorkingGrouprequestingextensionofimplementationdeadlineDigicelversion_1417526832.pdf",NULL,"U","0",,"148","N","Y","2014-12-02 06:56:17","2014-12-02 06:57:12","1","192.168.1.139"
"428","Exchange between LIME and Digicel re extension of implementation deadline","5","2010-05-04","LIME/Digicel","2010_05_04ReportofLNPWorkingGrouprequestingextensionofimplementationdeadlinenotendorsedbyDigicel_1417526980.pdf",NULL,"U","0",,"149","N","Y","2014-12-02 06:57:56","2014-12-02 06:59:40","1","192.168.1.139"
"429","Request for extension of implementation deadline (not Digicel)","5","2010-05-04","LNP Work Group","2010_05_14ReportofLNPWorkingGroupREDACTEDVERSION_1417526925.pdf",NULL,"U","0",,"150","N","Y","2014-12-02 06:58:45","2014-12-02 06:58:45","1","192.168.1.139"
"430","Notice of Number Portability RFP in Cayman Compass","5","2010-04-23","ICTA","2010_04_23NoticeofNumberPortabilityRFPinCayCompass_1417527017.pdf",NULL,"U","0",,"151","N","Y","2014-12-02 07:00:17","2014-12-02 07:00:17","1","192.168.1.139"
"431","Report of LNP Working Group","5","2010-03-30","LNP Work Group","2010_03_30ReportofLNPWorkingGroup_1417527047.pdf",NULL,"U","0",,"152","N","Y","2014-12-02 07:00:47","2014-12-02 07:00:47","1","192.168.1.139"
"432","Letter to Licensees re LNP implementation","5","2010-02-05","ICTA","2010_02_05LetterfromICTAtoCEOsreLNPimplementation_1417527067.pdf",NULL,"U","0",,"166","N","Y","2014-12-02 07:01:07","2014-12-02 07:01:07","1","192.168.1.139"
"436","Interrogatory attachment Mobile 3G module","2","2010-03-11","LIME","2010_03_11_LIME_CYM_Mobile_3G_revised_redaction.xls",NULL,"U","0",,"1","N","Y","2014-12-16 06:40:41","2014-12-16 06:40:41","1","27.54.170.98"
"437","Final Comments","4","2014-09-30","Digicel","2014_09_30_Digicel_Final_comments_1435593408.pdf",NULL,"U","0",,"2","N","Y","2015-06-29 11:56:48","2015-06-29 11:56:48","2","199.172.229.70"
"438","Final Comments","4","2014-09-30","LIME","2014_09_30_LIME_Final_comments_1435593478.pdf",NULL,"U","0",,"3","N","Y","2015-06-29 11:57:59","2015-06-29 11:57:59","2","199.172.229.70"
"439","Reply Comments","4","2014-10-21","Digicel","2014_10_21_Digicel_Reply_comments_1435593553.pdf",NULL,"U","0",,"4","N","Y","2015-06-29 11:59:13","2015-06-29 11:59:13","2","199.172.229.70"
"440","Reply Comments","4","2014-10-21","LIME","2014_10_21_LIME_Reply_comments_1435593628.pdf",NULL,"U","0",,"5","N","Y","2015-06-29 12:00:28","2015-06-29 12:00:28","2","199.172.229.70"
"441","Decision for the FLLRIC FTR and Transit Rate Review","4","2015-07-09","ICTA","ICT_Decision_2015_1_FLLRIC_FTR_Transit_Rate_Review_PUBLISHED_1436556341.pdf",NULL,"U","0",,"6","N","Y","2015-07-10 03:25:41","2015-09-10 07:23:49","2","179.218.78.24"
"442","test66","2","2020-02-25","test","CARApage-changes_1582620058.docx",NULL,"U","0",NULL,NULL,"Y","Y","2020-02-25 03:40:58","2020-02-25 03:41:47","1","67.207.88.158"
"443","test by netcluesdd","3","2020-02-25","test by netclues",,NULL,"U","0",NULL,NULL,"Y","Y","2020-02-25 01:13:18","2020-02-25 01:15:01","1","67.207.88.158"
"444","testeeeeeee","2","2020-02-25","test",,NULL,"U","0",NULL,NULL,"Y","Y","2020-02-25 07:04:39","2020-02-25 07:05:14","1","67.207.88.158"
"445","test datavv","3","2020-02-25","test","file-example_PDF_1MB_1582675608.pdf",NULL,"U","0",NULL,NULL,"Y","Y","2020-02-25 07:06:07","2020-02-25 07:07:01","1","67.207.88.158"
